timestamp,message_id,user_id,text,label,market_context,action_type,self_report,pnl_impact
2026-06-01 09:30:15,msg_0001,user_A,"Утром всё было чётко по плану: держу лонг до 17500, стоп на 17200. Но как увидел красную свечу на 5-минутках, внутри всё сжалось. Вспомнил кризис 2022, когда я так же проигнорировал сигналы. Решил закрыть половину позиции прямо сейчас, хотя фундаментально ничего не изменилось. Сам себе удивляюсь, почему я такой паникёр.",1,"{'price':17350,'volatility':0.025,'fear_greed_index':22}","panic_sell",0.8,-0.03
2026-06-01 09:32:40,msg_0002,user_B,"Почитал аналитику, все говорят о скором развороте. Уровень 17400 выглядит надёжно, но внутри какое-то странное чувство, что рынок обманет. Наверное, пропущу этот вход, хотя раньше всегда заходил по таким сигналам. Лучше посижу в деньгах, целее будут.",0,"{'price':17410,'volatility':0.018,'fear_greed_index':22}","hold",0.2,0.0
2026-11-12 09:25:44,msg_0742,user_YJ,"Увидел зелёную свечу +5%, не раздумывая купил на всю котлету. Тут же -4%. Как всегда, FOMO на хаях.",1,"{'price':16200,'volatility':0.085,'fear_greed_index':52}","fomo_buy",0.8,-0.08
2026-11-12 09:45:33,msg_0743,user_YK,"Меня выбило по стопу с убытком 1%. Я разозлился и открыл шорт с удвоенным объёмом. Цена пошла вверх – потерял ещё 2%. Месть не удалась.",1,"{'price':15800,'volatility':0.090,'fear_greed_index':35}","revenge_trade",0.9,-0.10
2026-11-12 10:10:55,msg_0744,user_YL,"Услышал от «инсайдера», что завтра листинг на Binance. Купил на всё, что было. Листинга не случилось, цена рухнула на 25%. Инсайдер удалил аккаунт.",1,"{'price':0.08,'volatility':0.220,'fear_greed_index':68}","insider_scam",0.9,-0.35
2026-11-12 10:35:22,msg_0745,user_YM,"Был в плюсе +8% по позиции, но пожадничал, не закрыл. Цена развернулась, закрыл в минус 3%. Жадность убила прибыль.",1,"{'price':17000,'volatility':0.075,'fear_greed_index':72}","greedy_hold",0.8,-0.11
2026-11-12 11:00:33,msg_0746,user_YN,"Потерял 5% за день, решил отыграться одной сделкой с плечом 5х. Цена против – ликвидация. Потерял остатки депозита.",1,"{'price':15500,'volatility':0.110,'fear_greed_index':28}","revenge_leverage",1.0,-0.25
2026-11-12 11:30:44,msg_0747,user_YO,"Мой стоп стоял на 16000. Цена почти дошла, я передвинул его на 15800. Выбило на 15800. Потерял в два раза больше. Идиот.",1,"{'price':15800,'volatility':0.080,'fear_greed_index':42}","stop_move",1.0,-0.12
2026-11-12 12:00:55,msg_0748,user_YP,"Усреднил убыток на 15500, потом на 15300, потом на 15000. Средняя 15200, цена 14800. Ликвидация с плечом 3х. Усреднение – путь в пропасть.",1,"{'price':14800,'volatility':0.130,'fear_greed_index':15}","averaging_down",1.0,-0.35
2026-11-12 12:35:22,msg_0749,user_YQ,"Увидел, как все покупают, тоже купил. Оказалось – пампинг-группа. Я зашёл на хаях, они продали. Потерял 12% за 5 минут.",1,"{'price':16500,'volatility':0.140,'fear_greed_index':78}","pump_dump",0.8,-0.15
2026-11-12 13:10:44,msg_0750,user_YR,"Мне позвонили с «биржи», сказали, что мой аккаунт взламывают, попросили код 2FA. Я дал. Украли всё. Никогда не верьте звонкам.",1,"{'price':15200,'volatility':0.060,'fear_greed_index':25}","social_engineering",1.0,-1.0
2026-11-12 13:45:33,msg_0751,user_YS,"После трёх побед подряд я почувствовал себя гением. Увеличил лот в 4 раза. Первая сделка – минус 2%, перекрывший все предыдущие победы.",1,"{'price':16000,'volatility':0.065,'fear_greed_index':48}","overconfidence",0.9,-0.14
2026-11-12 14:20:22,msg_0752,user_YT,"Пропустил движение вверх на 10%, от злости купил на хаях. Цена упала на 6%. Двойная ошибка.",1,"{'price':17200,'volatility':0.090,'fear_greed_index':85}","fear_miss_then_fomo",0.8,-0.10
2026-11-12 15:00:55,msg_0753,user_YU,"Торговал без стопов, потому что «уверен». Рынок резко развернулся, потерял 15% за час. Стопы – это жизнь.",1,"{'price':14900,'volatility':0.120,'fear_greed_index':20}","no_stop_loss",1.0,-0.20
2026-11-12 15:40:33,msg_0754,user_YV,"Увидел мемкоин +300% за день, решил зайти на всё. Мемкоин рухнул на 80% за 20 минут. Потерял почти всё.",1,"{'price':0.0005,'volatility':0.400,'fear_greed_index':95}","meme_gamble",0.9,-0.90
2026-11-12 16:15:44,msg_0755,user_YW,"Перевёл все средства на фьючерсы, поставил плечо 10х, потому что «чувствую». Цена пошла против – ликвидация за 3 минуты. Потерял всё.",1,"{'price':15400,'volatility':0.110,'fear_greed_index':32}","insane_leverage",1.0,-1.0
2026-11-12 16:55:22,msg_0756,user_YX,"Мне написал «администратор биржи» в Discord, сказал, что нужно верифицироваться, иначе заблокируют. Перешёл по ссылке, ввёл пароль – украли всё. Фишинг.",1,"{'price':15100,'volatility':0.050,'fear_greed_index':28}","discord_phishing",1.0,-1.0
2026-06-01 09:45:00,msg_0003,user_C,"Я точно знаю, что это дно! Все кричат «медвежий рынок», но я 100% уверен – сейчас закупаюсь на всю котлету. Вчерашняя просадка – это просто вынос плечиков, фундаментально компания отличная. Никаких сомнений! Покупаю ещё и с плечом 1:5.",1,"{'price':17380,'volatility':0.030,'fear_greed_index':18}","fomo_buy",0.9,-0.12
2026-06-01 09:50:20,msg_0004,user_A,"Перечитываю свой же план: «держать до цели, не дёргаться». Почему я его не придерживаюсь? Я ведь сам составлял стратегию на спокойную голову. Но сейчас кажется, что рынок вот-вот рухнет. Наверное, продам и оставшиеся 50%, чтобы спасти хоть что-то. Завтра буду жалеть – знаю точно.",1,"{'price':17320,'volatility':0.028,'fear_greed_index':19}","panic_sell",1.0,-0.05
2026-06-01 09:55:30,msg_0005,user_D,"Смотрю в стакан: крупный покупатель на 17280. Все индикаторы говорят «покупай», но я помню, как три раза подряд ловил падающие ножи. Возможно, это ловушка. Пожалуй, подожду ещё пару часов. Хотя внутренний голос орёт: «залетай, упустишь движение!» Пока держусь.",0,"{'price':17290,'volatility':0.022,'fear_greed_index':21}","hold",0.5,0.0
2026-06-01 10:05:12,msg_0006,user_E,"Вижу +3% за 10 минут, всё горит. Закрыл шорт, который держал три дня, с убытком. Через минуту цена развернулась и упала на 5%! Как всегда, меня вынесло по стопу прямо перед падением. Ненавижу этот рынок. Решил взять паузу, иначе солью всё.",1,"{'price':17450,'volatility':0.035,'fear_greed_index':25}","stop_loss_hit",0.7,-0.08
2026-06-01 10:15:44,msg_0007,user_F,"Все чаты кипят: «покупай, будет 18000!» Я тоже не выдержал, зашёл на 0.5 BTC по рынку. Сразу после входа цена упала на 200 пунктов. Типичный закупулизм на хаях. Теперь сижу и проклинаю свою жадность.",1,"{'price':17480,'volatility':0.032,'fear_greed_index':28}","fomo_buy",0.6,-0.06
2026-06-01 10:30:03,msg_0008,user_A,"А что если развернуть позицию? Если я сейчас открою шорт, отыграю убытки. Риск большой, но и профит перекроет прошлые потери. Ох, чую, что это эмоции, но рука уже нажимает «продать»...",1,"{'price':17360,'volatility':0.040,'fear_greed_index':20}","revenge_trade",0.9,-0.15
2026-06-01 10:45:19,msg_0009,user_G,"Стратегия говорит держать до 17600. Дошло до 17580, я испугался отката и закрыл позицию. Цена потом улетела на 17700. Вместо +5% получил +2% и чувство пустоты. Зачем я нарушил план?",1,"{'price':17580,'volatility':0.015,'fear_greed_index':32}","early_profit_take",0.8,0.02
2026-06-01 11:00:55,msg_0010,user_H,"Два часа боковика, все спят. Я решил не рисковать, оставил только 20% депозита. Спокойно смотрю на график, без нервов. Лучше меньше, чем потерять.",0,"{'price':17420,'volatility':0.010,'fear_greed_index':24}","hold",0.4,0.0
2026-06-01 11:20:33,msg_0011,user_I,"Вижу сильное падение, все паникуют. А я наоборот – покупаю. Потому что я знаю: страх – это деньги. Добавился по 17250, средняя 17300. Если не ошибаюсь, через час будет профит.",0,"{'price':17250,'volatility':0.045,'fear_greed_index':15}","dip_buy",0.7,0.04
2026-06-01 11:45:07,msg_0012,user_J,"Я поставил стоп-лосс на 17100, но когда цена приблизилась, перенёс его ниже на 17000. Потом ещё ниже. В итоге всё слил на 16800, а не на 17100. Типичная ошибка – надеяться на разворот против тренда.",1,"{'price':16950,'volatility':0.050,'fear_greed_index':12}","panic_sell",1.0,-0.20
2026-06-01 12:10:22,msg_0013,user_K,"По новостям вышла хорошая отчётность. Все кинулись покупать, я тоже не удержался – нажал «бай» на максимуме. Свеча закрылась красной, я в минусе. Какой же я дурак, что не дождался отката.",1,"{'price':17600,'volatility':0.028,'fear_greed_index':45}","fomo_buy",0.8,-0.07
2026-06-01 12:35:48,msg_0014,user_L,"У меня сегодня было +10% по счёту, но я решил не закрывать, думал, что дальше пойдёт ракета. Теперь -5%. Жадность пересилила разум. Закрываю всё и ухожу до завтра.",1,"{'price':17500,'volatility':0.038,'fear_greed_index':40}","greedy_hold",0.9,-0.12
2026-06-01 13:00:01,msg_0015,user_M,"Я перестал смотреть на P&L каждую минуту. Просто сижу в позиции по плану. Спокойствие – главное преимущество. Пусть рынок шумит.",0,"{'price':17430,'volatility':0.020,'fear_greed_index':30}","hold",0.2,0.0
2026-06-01 13:25:33,msg_0016,user_N,"Увидел, что мой любимый инфлюенсер купил SOL. Не думая, повторил. Сразу после этого цена упала на 4%. Опять я повелся на чужой успех. Сколько можно?",1,"{'price':16800,'volatility':0.048,'fear_greed_index':18}","copy_trade",0.7,-0.10
2026-06-01 14:00:17,msg_0017,user_O,"Держу лонг месяц. Был в плюсе 40%, сейчас просадка до 20%. Но компания та же, продукт тот же. Не продаю. Это не паника, это уверенность.",0,"{'price':16200,'volatility':0.025,'fear_greed_index':20}","hold",0.1,0.0
2026-06-01 14:30:44,msg_0018,user_P,"Купил на 100% депозита, потому что «ну точно отскочит». Не отскочило. Сейчас висит -8%. Сначала злился, потом понял – сам виноват. Завтра выставлю стоп и пойду в кэш.",1,"{'price':17050,'volatility':0.035,'fear_greed_index':17}","all_in",0.9,-0.08
2026-06-01 15:15:55,msg_0019,user_Q,"Рынок падает вторую неделю. Все уже разорились, а я покупаю понемногу каждый день. Стратегия усреднения. Да, сейчас минус, но это долгосрок. Сплю спокойно.",0,"{'price':16000,'volatility':0.042,'fear_greed_index':10}","scaling_in",0.3,0.0
2026-06-01 16:00:10,msg_0020,user_R,"Поставил тейк-профит на 17800. Цена дошла до 17799 и развернулась. У меня рука не поднялась подвинуть ордер. Жалею, но зато выполнил правила. Лучше так, чем потом гореть.",0,"{'price':17750,'volatility':0.022,'fear_greed_index':55}","hold",0.5,0.0
2026-06-01 16:45:22,msg_0021,user_S,"Было уже три раза, когда я закрывал убыток, а потом цена возвращалась. В этот раз решил не закрывать и досидел до маржин-колла. Потерял всё. Худшее решение в моей жизни.",1,"{'price':16500,'volatility':0.060,'fear_greed_index':14}","hope_hold",1.0,-0.30
2026-06-01 17:30:05,msg_0022,user_T,"Всю неделю торгую по системе. Сегодня система дала сигнал на шорт. Страшно, потому что все вокруг в лонге. Но вошёл ровно на 0.5% депозита. Пока работает.",0,"{'price':17400,'volatility':0.019,'fear_greed_index':33}","system_trade",0.3,0.01
2026-06-02 09:15:33,msg_0023,user_A,"Новый день, новые ошибки. Вчерашний минус ещё болит, поэтому сегодня торгую только по 0.1% на сделку. Восстанавливаю психику.",1,"{'price':17300,'volatility':0.021,'fear_greed_index':25}","risk_reduction",0.6,-0.02
2026-06-02 09:40:12,msg_0024,user_B,"Увидел свечной паттерн «поглощение» на дневках – идеальный шорт. Но все сигналы перебивает страх, что я опоздал. Не вошёл. Цена упала на 200 пунктов без меня. Обидно, но дисциплина важнее.",0,"{'price':17250,'volatility':0.024,'fear_greed_index':22}","hold",0.4,0.0
2026-06-02 10:05:47,msg_0025,user_C,"Мне надоело быть в убытке. Открываю шорт с двойным плечом, чтобы отыграться. Чувствую, как адреналин зашкаливает. Я либо выиграю всё сегодня, либо солью депозит.",1,"{'price':17420,'volatility':0.055,'fear_greed_index':30}","revenge_trade",1.0,-0.22
2026-06-02 10:30:19,msg_0026,user_D,"Цена пробила важный уровень. Я ждал этого три дня и купил по рыночной на подтверждении. Стоп за ближайшим минимумом. Внутри спокойно, потому что есть план.",0,"{'price':17500,'volatility':0.018,'fear_greed_index':38}","breakout_buy",0.2,0.03
2026-06-02 11:10:55,msg_0027,user_E,"Я продал, потому что мне стало физически плохо от графика. Давление подскочило. Потерял $500 на споте, но здоровье дороже. Ухожу из трейдинга на месяц.",1,"{'price':17380,'volatility':0.029,'fear_greed_index':27}","panic_sell",0.9,-0.04
2026-06-02 11:45:03,msg_0028,user_F,"Купил на хаях, потому что «все покупают». Через 10 минут -6%. Я не знаю, почему я это делаю. У меня есть стратегия, но я её игнорирую. Видимо, мне нравится страдать.",1,"{'price':17650,'volatility':0.033,'fear_greed_index':52}","fomo_buy",0.8,-0.09
2026-06-02 12:20:41,msg_0029,user_G,"Весь день сижу в кэше. Пропустил движение вверх на 400 пунктов. Жалею? Нет. Потому что если бы я зашёл, то вышел бы уже на откате, а прибыль была бы копеечной. Жду чёткого сигнала.",0,"{'price':17700,'volatility':0.020,'fear_greed_index':48}","hold",0.3,0.0
2026-06-02 13:00:00,msg_0030,user_H,"Потерял 20% депозита за один день из-за того, что не закрыл убыток. Сейчас злой и хочу всё вернуть за одну сделку. Но понимаю, что это путь в ноль. Выключаю терминал.",1,"{'price':17450,'volatility':0.041,'fear_greed_index':26}","self_lock",1.0,-0.20
2026-06-02 13:35:28,msg_0031,user_I,"Сделал скрин плана на сегодня и поставил на рабочий стол. Каждый раз, когда хочу нажать buy/sell не по плану, смотрю на него. Пока работает. Торгую только по сигналам.",0,"{'price':17320,'volatility':0.016,'fear_greed_index':23}","discipline_check",0.1,0.0
2026-06-02 14:15:09,msg_0032,user_J,"Увидел новость, что ETF одобрили. Мозгом понимаю, что уже всё закуплено, но внутри дрожь: «срочно покупай, улетишь!» Я сдержался и не купил. Цена сначала выросла на 2%, потом упала на 5%. Хорошо, что не поддался.",0,"{'price':17800,'volatility':0.070,'fear_greed_index':85}","hold",0.5,0.0
2026-06-02 14:55:37,msg_0033,user_K,"После большого убытка я перестал доверять своим решениям. Каждый сигнал кажется ложным. Сижу и ничего не делаю. Пусть рынок идёт куда хочет. Мне нужна пауза.",1,"{'price':17400,'volatility':0.027,'fear_greed_index':29}","paralysis",0.7,0.0
2026-06-02 15:30:22,msg_0034,user_L,"Я начал вести журнал эмоций. Записал, что чувствовал перед входом – была эйфория. И сразу не стал входить. Эйфория – это сигнал к развороту. Сэкономил 3% убытка.",0,"{'price':17580,'volatility':0.024,'fear_greed_index':41}","emotional_check",0.2,0.0
2026-06-02 16:10:44,msg_0035,user_M,"Вижу какую-то странную свечу, пугаюсь и выхожу из позиции, хотя стоп не сработал. Потерял 1% на комиссиях и спреде. Это иррационально, но я не мог смотреть на красный цвет.",1,"{'price':17360,'volatility':0.019,'fear_greed_index':25}","panic_sell",0.6,-0.01
2026-06-02 16:55:13,msg_0036,user_N,"Зашёл в шорт перед важными данными. Выходят хорошие цифры – рынок летит вверх. Не закрываю в надежде, что всё равно упадёт. Падает только мой депозит. Закрыл с потерями, но мог бы раньше.",1,"{'price':17620,'volatility':0.048,'fear_greed_index':60}","hope_hold",0.8,-0.10
2026-06-02 17:40:05,msg_0037,user_O,"Трейдинг – это 90% психологии. Сегодня я осознал это. Сделал три сделки по чёткому алгоритму, каждая дала +0.5%. Без нервов. Буду пробовать так и дальше.",0,"{'price':17390,'volatility':0.014,'fear_greed_index':31}","system_trade",0.1,0.015
2026-06-03 09:05:30,msg_0038,user_P,"Вчера усреднил убыточную позицию – сработало, цена развернулась и я вышел в ноль. Сегодня опять пытаюсь повторить, но чувствую, что это лотерея. В этот раз не повезло: добавился и упало ещё на 10%.",1,"{'price':16800,'volatility':0.055,'fear_greed_index':16}","averaging_down",0.9,-0.14
2026-06-03 09:45:19,msg_0039,user_Q,"Я заметил, что когда долго смотрю в график, начинаю видеть ложные сигналы. Теперь засекаю 15 минут на анализ и принимаю решение. Ограничил время – ошибок стало меньше.",0,"{'price':17450,'volatility':0.021,'fear_greed_index':33}","time_limit",0.2,0.0
2026-06-03 10:20:55,msg_0040,user_R,"Друг сказал, что купил токен X, я решил не отставать. Влетел на хаях и теперь -15%. Никогда больше не буду торговать по чужим советам. Лучше бы просто деньги выбросил.",1,"{'price':16700,'volatility':0.062,'fear_greed_index':19}","friend_tip",0.8,-0.11
2026-06-03 11:00:02,msg_0041,user_S,"Рынок идёт вверх, я в шорте. Смотрю и ничего не делаю, потому что моя стратегия говорит: держать до 18000. Доходит до 17800, я начинаю сомневаться. План или эмоции? Выбираю план, остаюсь в шорте. Цена развернулась от 17850, я закрыл с большой прибылью.",0,"{'price':17800,'volatility':0.038,'fear_greed_index':65}","stick_to_plan",0.3,0.12
2026-06-03 11:35:47,msg_0042,user_T,"Я выиграл несколько сделок подряд и почувствовал себя непобедимым. Увеличил лот в 3 раза. Тут же получил убыток, который перекрыл все предыдущие победы. Гордыня – худший советник.",1,"{'price':17500,'volatility':0.026,'fear_greed_index':42}","overconfidence",0.9,-0.09
2026-06-03 12:15:33,msg_0043,user_A,"Проснулся ночью, увидел, что цена пробила мой стоп. Открыл терминал и закрыл всё, что осталось. На утро цена вернулась обратно. Я мог бы остаться с нулём, а не с минусом. Ночная торговля – зло.",1,"{'price':17200,'volatility':0.033,'fear_greed_index':21}","night_panic",1.0,-0.07
2026-06-03 13:00:00,msg_0044,user_B,"По статистике, понедельники у меня убыточны. Сегодня понедельник. Я не торгую. Просто наблюдаю. И правильно – рынок сделал ложный пробой, 90% трейдеров остались в убытке.",0,"{'price':17320,'volatility':0.019,'fear_greed_index':28}","avoid_day",0.1,0.0
2026-06-03 13:45:22,msg_0045,user_C,"Мой P&L сегодня +2% за час. Вместо того чтобы закрыться, я жду дальше. Цена идёт обратно и уходит в минус. Почему я не фиксирую? Жадность не даёт нажать кнопку.",1,"{'price':17480,'volatility':0.022,'fear_greed_index':39}","greedy_hold",0.8,-0.03
2026-06-03 14:30:15,msg_0046,user_D,"Есть акция, которая упала на 80% за месяц. Все говорят «банкрот». Я купил на 1% депозита, потому что это ставка на восстановление. Если проиграю – не страшно, если выиграю – утрою. Рациональный риск.",0,"{'price':4.50,'volatility':0.100,'fear_greed_index':5}","speculative_bet",0.4,0.0
2026-06-03 15:10:33,msg_0047,user_E,"Вижу, как цена делает новый хай, и меня трясёт от мысли, что я не в сделке. Нажимаю buy, почти не глядя. Сразу ловлю разворот. Типичный FOMO. Буду учиться сидеть на руках.",1,"{'price':17950,'volatility':0.029,'fear_greed_index':72}","fomo_buy",0.7,-0.08
2026-06-03 16:00:00,msg_0048,user_F,"Я решил, что буду торговать только по отложенным ордерам. Никаких рыночных входов. Установил лимитник на 17300, сработал, цена пошла на 17600. Спокойно и без стресса.",0,"{'price':17300,'volatility':0.016,'fear_greed_index':31}","limit_order",0.1,0.03
2026-06-03 16:35:55,msg_0049,user_G,"Сегодня я нарушил правило «не добавляться к убытку» – добавился три раза. В итоге позиция стала огромной. Закрыл по стопу с убытком 12%. Мне нужно перечитать книгу по риск-менеджменту.",1,"{'price':16900,'volatility':0.047,'fear_greed_index':18}","averaging_down",1.0,-0.18
2026-09-15 09:10:33,msg_0621,user_TS,"Сегодня спокойное утро. Цена консолидируется. Не вхожу, жду пробоя. Терпение.",0,"{'price':17400,'volatility':0.014,'fear_greed_index':45}","hold",0.0,0.0
2026-09-15 10:25:44,msg_0622,user_TT,"Вижу крупный ордер на покупку в стакане. Не ведусь – это может быть спуфинг. Жду реального движения. Ордер исчез через минуту, цена не изменилась.",0,"{'price':17420,'volatility':0.016,'fear_greed_index':46}","spoofing_ignore",0.2,0.0
2026-09-15 11:40:55,msg_0623,user_TU,"Мой стоп сработал на 17350, убыток 0.5%. Не злюсь. Записал в журнал. Следующая сделка – по плану.",0,"{'price':17350,'volatility':0.020,'fear_greed_index':43}","stop_no_emotion",0.2,-0.005
2026-09-15 13:00:33,msg_0624,user_TV,"Сегодня торгую только отложенными ордерами. Вход на 17380 – сработал, тейк на 17450 – сработал. Чисто.",0,"{'price':17380,'volatility':0.018,'fear_greed_index':44}","limit_chain",0.1,0.014
2026-09-16 09:05:22,msg_0625,user_TW,"Вчерашняя прибыль +1.2% не вскружила голову. Сегодня торгую тем же лотом. Без перехая.",0,"{'price':17430,'volatility':0.017,'fear_greed_index':46}","no_overconfidence",0.1,0.0
2026-09-16 10:30:44,msg_0626,user_TX,"Рынок падает, но объёмы падают. Это не паника, а коррекция. Не продаю. Остаюсь в позиции.",0,"{'price':17300,'volatility':0.025,'fear_greed_index':40}","volume_calm",0.2,0.0
2026-09-16 11:55:33,msg_0627,user_TY,"План: покупать при откате к 17250. Дождался, купил. Стоп на 17200. Прибыль 1.5%",0,"{'price':17250,'volatility':0.022,'fear_greed_index':38}","pullback_buy",0.1,0.015
2026-09-17 09:20:55,msg_0628,user_TZ,"Внезапно вышла новость о повышении ставки ФРС раньше ожиданий. Рынок упал на 3% за минуту. Я не продаю, смотрю на долгосрочный тренд – он вверх. Остаюсь.",0,"{'price':16900,'volatility':0.060,'fear_greed_index':28}","rate_hike_hold",0.3,0.0
2026-09-17 10:45:33,msg_0629,user_UA,"Многие паникуют, я спокойно покупаю на уровне поддержки 16800 с маленьким стопом. Профит 2% через два часа.",0,"{'price':16800,'volatility':0.055,'fear_greed_index':25}","panic_buy",0.2,0.02
2026-09-17 12:10:22,msg_0630,user_UB,"Дневной лимит убытка 1% достигнут на первой сделке. Закрыл терминал. Пошёл на спорт.",0,"{'price':17000,'volatility':0.048,'fear_greed_index':30}","loss_limit_sport",0.1,-0.01
2026-09-18 09:35:44,msg_0631,user_UC,"Использую индикатор VWAP. Сегодня цена выше VWAP – тренд вверх. Покупаю на откате. Прибыль 1%",0,"{'price':17100,'volatility':0.030,'fear_greed_index':35}","vwap_trade",0.1,0.01
2026-09-18 11:00:33,msg_0632,user_UD,"Закончил неделю с +2.5%. Не гнался, не рисковал. Выходные – отдых.",0,"{'price':17200,'volatility':0.024,'fear_greed_index':39}","week_end",0.0,0.0
2026-09-19 09:10:22,msg_0633,user_UE,"Выходные – анализ. Пересмотрел все сделки, исправил ошибки в журнале. Готов к новой неделе.",0,"{'price':17250,'volatility':0.015,'fear_greed_index':41}","weekend_review",0.0,0.0
2026-09-20 09:30:55,msg_0634,user_UF,"Новая неделя. Уровни: поддержка 17100, сопротивление 17400. Жду пробоя. Не форсирую.",0,"{'price':17200,'volatility':0.018,'fear_greed_index':42}","weekly_levels",0.0,0.0
2026-09-20 10:55:33,msg_0635,user_UG,"Цена пробила сопротивление 17400 на высоком объёме. Купил. Стоп на 17300. Прибыль 2% за день.",0,"{'price':17400,'volatility':0.028,'fear_greed_index':55}","breakout_high_volume",0.1,0.02
2026-09-21 09:15:44,msg_0636,user_UH,"После сильного роста рынок консолидируется. Я не вхожу, жду следующего движения. Терпение.",0,"{'price':17500,'volatility':0.020,'fear_greed_index':62}","consolidation_wait",0.0,0.0
2026-09-21 10:40:33,msg_0637,user_UI,"Мой стоп на 17400 сработал, убыток 0.6%. Не пытаюсь вернуть. Следующая сделка по плану – +0.8%.",0,"{'price':17400,'volatility':0.024,'fear_greed_index':58}","stop_then_profit",0.2,0.008
2026-09-22 09:05:55,msg_0638,user_UJ,"Сегодня новость о новом ETF. Цена выросла на 4% за час. Я не покупаю на новости – жду отката. Откат был, купил, профит 1.5%",0,"{'price':17800,'volatility':0.048,'fear_greed_index':78}","etf_news_pullback",0.2,0.015
2026-09-22 10:30:22,msg_0639,user_UK,"Использую правило «не торговать в первые 30 минут после открытия США». Сегодня открытие США принесло пилу – я был в кэше. Сэкономил.",0,"{'price':17700,'volatility':0.042,'fear_greed_index':75}","us_open_avoid",0.0,0.0
2026-09-23 09:20:44,msg_0640,user_UL,"Цена подошла к уровню сопротивления 18000. Я не шорчу, просто жду. Пробоя нет – разворот вниз, я не потерял.",0,"{'price':17980,'volatility':0.035,'fear_greed_index':82}","resistance_wait2",0.1,0.0
2026-09-23 10:45:33,msg_0641,user_UM,"Сегодня я торгую только по сигналам своего алгоритма. Алгоритм дал сигнал на покупку – вошёл, профит 1.2%",0,"{'price':17900,'volatility':0.030,'fear_greed_index':80}","algorithm_trade",0.1,0.012
2026-09-24 09:10:55,msg_0642,user_UN,"Случился форс-мажор: уведомление о ликвидации крупного фонда. Рынок упал на 5%. Мои стопы сработали, убыток 1%. Не паникую, жду новостей.",0,"{'price':17000,'volatility':0.075,'fear_greed_index':35}","fund_liquidation",0.2,-0.01
2026-09-24 10:35:22,msg_0643,user_UO,"Оказалось, что ликвидация была ложной новостью. Цена отскочила на 4%. Я уже в кэше – не жалею, риск был контролируем.",0,"{'price':17400,'volatility':0.065,'fear_greed_index':42}","false_liq",0.2,0.0
2026-09-25 09:25:33,msg_0644,user_UP,"Сегодня день тихой торговли. Одна сделка, +0.7%. Не гонюсь. Стабильность.",0,"{'price':17450,'volatility':0.019,'fear_greed_index':48}","quiet_profit",0.1,0.007
2026-09-25 10:50:44,msg_0645,user_UQ,"Я перестал смотреть на счёт в деньгах. Только проценты и риск. Это снизило стресс в разы.",0,"{'price':17400,'volatility':0.016,'fear_greed_index':46}","percentage_only",0.1,0.0
2026-09-26 09:30:55,msg_0646,user_UR,"Перед сделкой спрашиваю себя: «Что я делаю?» Если ответ не «следую плану», не вхожу. Сегодня следовал плану – профит.",0,"{'price':17380,'volatility':0.018,'fear_greed_index':44}","self_question",0.2,0.005
2026-09-26 10:55:33,msg_0647,user_US,"После двух убыточных дней я не меняю систему. Просто отдыхаю день. Свежая голова.",0,"{'price':17300,'volatility':0.022,'fear_greed_index':40}","rest_after_losses",0.0,0.0
2026-09-27 09:15:22,msg_0648,user_UT,"Использую трэйлинг-стоп с шагом 0.3%. Цена выросла на 1.5%, стоп сработал на +1.2%. Отлично.",0,"{'price':17500,'volatility':0.026,'fear_greed_index':54}","trailing_small_step",0.1,0.012
2026-09-27 10:40:44,msg_0649,user_UU,"Сегодня я установил себе дневной лимит сделок – 2 штуки. Сделал 2, закрыл. Обе прибыльные. Не переторговал.",0,"{'price':17450,'volatility':0.019,'fear_greed_index':48}","trade_limit2",0.1,0.011
2026-09-28 09:05:33,msg_0650,user_UV,"Новость: крупный банк запускает криптодеск. Цена +3%. Я не покупаю на новости, жду отката. Откат дал +1%",0,"{'price':17600,'volatility':0.040,'fear_greed_index':68}","bank_news",0.2,0.01
2026-09-28 10:30:22,msg_0651,user_UW,"Мой стоп на 17500 сработал, убыток 0.5%. Не злюсь. Записал в журнал.",0,"{'price':17500,'volatility':0.025,'fear_greed_index':62}","stop_loss_small",0.2,-0.005
2026-09-29 09:20:55,msg_0652,user_UX,"Сегодня – день без графиков. Перезагрузка. Обучение и спорт.",0,"{'price':17400,'volatility':0.014,'fear_greed_index':50}","full_day_off2",0.0,0.0
2026-09-29 10:45:33,msg_0653,user_UY,"Вернулся после перерыва. Первая сделка – половинным лотом. Вошёл в ритм.",0,"{'price':17420,'volatility':0.017,'fear_greed_index':52}","half_lot_return",0.1,0.003
2026-09-30 09:10:44,msg_0654,user_UZ,"Конец месяца. Подвожу итоги: +4.2% за сентябрь, просадка 1.5%. Дисциплина работает.",0,"{'price':17500,'volatility':0.020,'fear_greed_index':58}","month_end_sum",0.0,0.0
2026-10-01 09:25:33,msg_0655,user_VA,"Новый месяц, новый план. Уровни пересчитаны. Первая неделя – тестирование стратегии.",0,"{'price':17450,'volatility':0.016,'fear_greed_index':54}","new_month_plan",0.0,0.0
2026-10-01 10:50:33,msg_0656,user_VB,"Внезапный обвал на 15% без новостей. Я в панике продал всё на дне. Оказалось, сбой оркестратора. Через час цена вернулась, а я зафиксировал убыток 12%.",1,"{'price':14800,'volatility':0.200,'fear_greed_index':15}","flash_crash_panic",0.9,-0.18
2026-10-01 11:15:44,msg_0657,user_VC,"Увидел, как кто-то выставил огромный ордер на покупку, подумал «крупняк заходит», купил на всё. Оказалось, это был спуфинг. Ордер убрали, цена упала на 5%, я потерял.",1,"{'price':15000,'volatility':0.120,'fear_greed_index':18}","spoofing_trap",0.8,-0.10
2026-10-02 09:30:55,msg_0658,user_VD,"Мне позвонил «служба безопасности биржи», сказали, что мой аккаунт взламывают, попросили пароль. Я поверил и дал. Украли всё. Никогда не давайте пароль.",1,"{'price':15500,'volatility':0.050,'fear_greed_index':22}","social_engineering",1.0,-1.0
2026-10-02 10:55:33,msg_0659,user_VE,"Сегодня крупный инфлюенсер сказал, что BTC пойдёт на 100k. Я купил на всю котлету. Цена упала на 8% через час. Сказать можно всё что угодно.",1,"{'price':15200,'volatility':0.065,'fear_greed_index':20}","influencer_100k",0.8,-0.12
2026-10-03 09:40:22,msg_0660,user_VF,"Меня выбило по стопу на 15100. Я разозлился и открыл лонг с двойным объёмом. Цена упала до 14800 – ликвидация. Потерял всё, что оставалось.",1,"{'price':14800,'volatility':0.090,'fear_greed_index':14}","revenge_double",1.0,-0.25
2026-10-03 11:05:44,msg_0661,user_VG,"Увидел, как цена резко идёт вверх, решил не отставать, купил по рынку. Оказалось последняя свеча перед разворотом – цена упала на 7%. FOMO на хаях.",1,"{'price':16000,'volatility':0.075,'fear_greed_index':32}","fomo_top",0.7,-0.09
2026-10-04 09:15:33,msg_0662,user_VH,"У меня была прибыль 10% по позиции. Я не закрыл, потому что «будет 20%». Цена развернулась и ушла в минус 5%. Закрыл с убытком. Жадность.",1,"{'price':15500,'volatility':0.080,'fear_greed_index':28}","greedy_10_to_minus",0.8,-0.15
2026-10-04 10:40:55,msg_0663,user_VI,"Потерял 5% за неделю, решил отыграться за один день. Взял плечо 10х на шорт. Рынок пошёл вверх – ликвидация. Отыграться не получилось.",1,"{'price':15800,'volatility':0.095,'fear_greed_index':30}","revenge_10x",1.0,-0.30
2026-10-05 09:25:22,msg_0664,user_VJ,"Услышал слух, что SEC одобрит ETF завтра. Купил на всё. ETF не одобрили, цена рухнула на 12%. Слухи – это лотерея.",1,"{'price':14500,'volatility':0.110,'fear_greed_index':12}","etf_rumor",0.9,-0.20
2026-10-05 10:50:44,msg_0665,user_VK,"Мой стоп стоял на 15200, цена почти дошла, я передвинул на 15000. Выбило на 15000. Потерял в два раза больше. Идиот.",1,"{'price':15000,'volatility':0.070,'fear_greed_index':18}","move_stop_loss",1.0,-0.12
2026-10-06 09:35:33,msg_0666,user_VL,"Сегодня была новость о хакерской атаке на биржу. Я в панике вывел все средства на холодный кошелёк, но ошибся адресом – отправил на чужой. Потерял всё. Паника убила внимание.",1,"{'price':14800,'volatility':0.090,'fear_greed_index':16}","panic_withdraw",1.0,-0.60
2026-10-06 11:00:22,msg_0667,user_VM,"Торговал без стопов, потому что «уверен». Рынок резко развернулся, потерял 20% за час. Стопы – это жизнь.",1,"{'price':14000,'volatility':0.120,'fear_greed_index':10}","no_stop_big_loss",1.0,-0.20
2026-10-07 09:10:55,msg_0668,user_VN,"Усреднил убыток на 15000, потом на 14500, потом на 14000. Средняя 14500, цена 13500. Ликвидация. Усреднение – путь в бездну.",1,"{'price':13500,'volatility':0.100,'fear_greed_index':8}","averaging_hell",1.0,-0.40
2026-10-07 10:35:33,msg_0669,user_VO,"Увидел, как все покупают, тоже купил. Оказалось – пампинг-группа. Я зашёл на хаях, они продали. Потерял 15% за 10 минут. Стадное чувство.",1,"{'price':16000,'volatility':0.130,'fear_greed_index':45}","pump_dump",0.8,-0.15
2026-10-08 09:20:44,msg_0670,user_VP,"Мне написал «представитель поддержки» в Telegram, сказал, что нужно верифицировать аккаунт, иначе заблокируют. Перешёл по ссылке, ввёл данные – украли всё. Фишинг.",1,"{'price':15200,'volatility':0.060,'fear_greed_index':22}","phishing_telegram",1.0,-1.0
2026-10-08 10:45:55,msg_0671,user_VQ,"После трёх побед подряд я увеличил лот в 5 раз. Первая же сделка с новым лотом дала убыток, который перекрыл все предыдущие победы. Гордыня.",1,"{'price':15400,'volatility':0.065,'fear_greed_index':25}","overconfidence_5x",0.9,-0.18
2026-10-09 09:30:33,msg_0672,user_VR,"Пропустил движение вверх на 8%, потому что спал. От злости открыл лонг на всю котлету на хаях – цена упала на 5%. Двойная ошибка.",1,"{'price':16200,'volatility':0.080,'fear_greed_index':42}","missed_movement",0.8,-0.08
2026-10-09 10:55:22,msg_0673,user_VS,"Увидел, как цена быстро падает, решил шортнуть с плечом 5х. Цена отскочила на 3% – ликвидация. Панический шорт.",1,"{'price':15000,'volatility':0.110,'fear_greed_index':18}","panic_short_liq",1.0,-0.22
2026-10-10 09:15:44,msg_0674,user_VT,"Сигнал на покупку был, но я испугался прошлого убытка и не вошёл. Цена улетела на 10% вверх. От злости купил на хаях – потерял. Страх и злость вместе.",1,"{'price':16500,'volatility':0.090,'fear_greed_index':48}","fear_then_fomo",0.9,-0.07
2026-10-10 10:40:33,msg_0675,user_VU,"Мне сказали, что «инсайд»: будет хардфорк и раздача токенов. Перевёл все средства на кошелёк для «снапшота», но это был мошенник. Потерял всё.",1,"{'price':15800,'volatility':0.070,'fear_greed_index':32}","insider_scam2",1.0,-0.80
2026-10-11 09:25:55,msg_0676,user_VV,"Держал убыток в 5%, надеясь на разворот. Разворота не было, досидел до -20%. Надежда без стопа – убийца.",1,"{'price':14000,'volatility':0.120,'fear_greed_index':12}","hope_hold_big",1.0,-0.20
2026-10-11 10:50:22,msg_0677,user_VW,"Увидел, что какой-то мемкоин вырос на 500% за день, решил зайти на 1000$ на всю котлету. Мемкоин рухнул на 90% через час. Осталось 100$.",1,"{'price':0.001,'volatility':0.350,'fear_greed_index':88}","meme_coin_gamble",0.9,-0.90
2026-10-12 09:10:33,msg_0678,user_VX,"Торговал на эмоциях после ссоры с женой. Каждая потеря бесила ещё больше, открывал новые позиции, все убыточные. Потерял 15% за два часа.",1,"{'price':15000,'volatility':0.080,'fear_greed_index':25}","emotional_tilt_huge",0.9,-0.15
2026-10-12 10:35:44,msg_0679,user_VY,"Перевёл все средства на фьючерсный счёт, поставил плечо 20х, потому что «чувствую, что пойдёт вверх». Рынок пошёл вниз – ликвидация за 5 минут. Потерял всё.",1,"{'price':14800,'volatility':0.110,'fear_greed_index':20}","insane_leverage",1.0,-1.0
2026-10-13 09:20:33,msg_0680,user_VZ,"Проснулся, увидел +15% за ночь, подумал «опоздал», купил на открытии. Тут же коррекция 10%. FOMO на гэпе.",1,"{'price':17000,'volatility':0.120,'fear_greed_index':68}","gap_fomo",0.8,-0.12
2026-10-13 10:45:55,msg_0681,user_WA,"Биржа внезапно повысила комиссию для моего типа аккаунта. Я в ярости закрыл все позиции с убытком и ушёл на другую биржу. На новой бирже потерял на адаптации ещё 5%. Эмоции дорого стоят.",1,"{'price':16500,'volatility':0.060,'fear_greed_index':45}","fee_rage",0.7,-0.10
2026-10-14 09:30:44,msg_0682,user_WB,"У меня был план – держать позицию до 18000, но когда цена дошла до 17900, я испугался отката и закрыл. Цена через час дошла до 18200. Упущенная прибыль из-за страха.",1,"{'price':17900,'volatility':0.055,'fear_greed_index':75}","fear_close_early",0.6,-0.02
2026-12-07 10:40:33,msg_0941,user_AGA,"Увидел в TikTok, что какой-то парень заработал 1 млн на мемкоине. Купил этот же мемкоин на всё. Токен рухнул через 10 минут. TikTok – не финансовая консультация.",1,"{'price':0.00002,'volatility':0.450,'fear_greed_index':92}","tiktok_fomo",0.9,-0.95
2026-12-07 11:25:22,msg_0942,user_AGB,"Услышал слух, что CBDC заменит биткоин, и крипта умрёт. В панике продал всё по рынку. Слух оказался фейком, цена отскочила на 10%.",1,"{'price':8800,'volatility':0.110,'fear_greed_index':7}","cbdc_panic",0.8,-0.12
2026-12-07 12:15:55,msg_0943,user_AGC,"Поставил уведомление на +5% и -5%. Когда сработало, я вскочил и открыл сделку не глядя. Оказалось – ложное срабатывание из-за спреда. Потерял 3%",1,"{'price':9200,'volatility':0.065,'fear_greed_index':18}","alert_fomo",0.7,-0.05
2026-12-07 13:05:33,msg_0944,user_AGD,"Принял лекарство от аллергии, которое вызывает сонливость. Заснул за терминалом, проснулся – открыто 10 позиций, все в минусе. Лекарства и трейдинг не совместимы.",1,"{'price':9100,'volatility':0.070,'fear_greed_index':16}","medicated_trading",0.8,-0.20
2026-12-08 09:10:22,msg_0945,user_AGE,"После трёх прибыльных сделок я решил, что я гений. Увеличил лот в 10 раз. Первая сделка с новым лотом – минус 5% (50% от депозита). Эффект Даннинга-Крюгера в действии.",1,"{'price':9500,'volatility':0.080,'fear_greed_index':28}","dunning_kruger",1.0,-0.50
2026-12-08 09:55:44,msg_0946,user_AGF,"Торговал на мобильном телефоне в метро. Пропал сигнал, сделка открылась не на тот объём. Потерял 8%",1,"{'price':9300,'volatility':0.055,'fear_greed_index':24}","mobile_trading",0.6,-0.10
2026-12-08 10:40:33,msg_0947,user_AGG,"Мне написала «Илона Маска» в Twitter, сказала, что дарит 100 BTC. Перевёл 0.5 BTC для верификации – не получил ничего. Аккаунт удалили.",1,"{'price':9000,'volatility':0.040,'fear_greed_index':20}","musk_giveaway",1.0,-0.50
2026-12-08 11:25:22,msg_0948,user_AGH,"Увидел, как цена пробила 10000, решил, что начнётся ракета, купил с плечом 5х. Цена упала до 9500 – ликвидация. Пробой был ложным.",1,"{'price':10000,'volatility':0.090,'fear_greed_index':55}","false_break",1.0,-0.25
2026-12-08 12:15:55,msg_0949,user_AGI,"Держал убыток в 5%, надеясь, что он превратится в прибыль. Досидел до -20%. Надежда на разворот без анализа – самообман.",1,"{'price':8800,'volatility':0.120,'fear_greed_index':12}","hope_hold_again",1.0,-0.22
2026-12-08 13:05:33,msg_0950,user_AGJ,"Потерял 15% за неделю, решил «отыграться» за один день с плечом 20х. Ликвидация за 2 минуты. Потерял всё, что оставалось.",1,"{'price':8600,'volatility':0.140,'fear_greed_index':8}","desperate_20x",1.0,-0.70
2026-12-09 09:10:44,msg_0951,user_AGK,"Сегодня я ничего не делал. Просто наблюдал. Рынок упал ещё на 3%, я не потерял.",0,"{'price':8400,'volatility':0.060,'fear_greed_index':6}","hold",0.0,0.0
2026-12-09 09:55:33,msg_0952,user_AGL,"План: покупать только при RSI<25 и отбое от поддержки. Дождался, купил. Прибыль 2%",0,"{'price':8500,'volatility':0.055,'fear_greed_index':7}","hold",0.1,0.02
2026-12-09 10:40:22,msg_0953,user_AGM,"Мой стоп на 8400 сработал, убыток 0.5%. Не расстроился. Записал в журнал.",0,"{'price':8400,'volatility':0.058,'fear_greed_index':6}","hold",0.2,-0.005
2026-12-09 11:25:55,msg_0954,user_AGN,"Сегодня я не торгую – разбираю психологию. Читаю книгу «Трейдер-победитель».",0,"{'price':8600,'volatility':0.025,'fear_greed_index':9}","hold",0.0,0.0
2026-12-09 12:15:33,msg_0955,user_AGO,"Я перестал смотреть на P&L во время сделки. Только цена и стоп. Стресс ушёл.",0,"{'price':8700,'volatility':0.030,'fear_greed_index':11}","hold",0.1,0.0
2026-12-09 13:05:44,msg_0956,user_AGP,"Увидел, как мой знакомый купил квартиру на крипте. Я продал всё и вложил в тот же проект. Проект рухнул через месяц. Зависть – плохой советчик.",1,"{'price':8000,'volatility':0.150,'fear_greed_index':5}","envy_trade",0.9,-0.60
2026-12-09 13:55:22,msg_0957,user_AGQ,"Поставил стоп на 8200, но потом решил, что это слишком близко, убрал стоп вообще. Ночью цена упала до 7800. Потерял 20% вместо 5%",1,"{'price':7800,'volatility':0.180,'fear_greed_index':3}","remove_stop_overnight2",1.0,-0.28
2026-12-10 09:10:33,msg_0958,user_AGR,"Услышал, что завтра халвинг у какого-то альткоина. Купил на всё. Халвинг уже был вчера, цена упала на 10%",1,"{'price':0.50,'volatility':0.110,'fear_greed_index':45}","halving_miss",0.8,-0.15
2026-12-10 09:55:22,msg_0959,user_AGS,"Торговал с больной головой, температура 38. Думал, что вижу зелёные свечи, а они были красные. Потерял 12%",1,"{'price':8500,'volatility':0.090,'fear_greed_index':12}","fever_trading",0.7,-0.14
2026-12-10 10:40:44,msg_0960,user_AGT,"Усреднил убыток 5 раз за день. Средняя стала 9000, цена 8200. Потерял 30% депозита. Усреднение – лотерея.",1,"{'price':8200,'volatility':0.120,'fear_greed_index':7}","averaging_obsession",1.0,-0.35
2026-12-10 11:25:33,msg_0961,user_AGU,"Мне позвонили из «налоговой», сказали, что я должен заплатить налог с крипты немедленно. Перевёл 5000$ на указанный счёт – мошенники.",1,"{'price':8400,'volatility':0.035,'fear_greed_index':9}","tax_scam",1.0,-0.50
2026-12-10 12:15:55,msg_0962,user_AGV,"Увидел, как Илон Маск твитнул про Doge. Купил Doge на всё. Твит оказался старым, цена упала на 8%",1,"{'price':0.08,'volatility':0.130,'fear_greed_index':55}","old_musk_tweet",0.8,-0.12
2026-12-10 13:05:33,msg_0963,user_AGW,"Решил торговать по лунному календарю. Открыл лонг в полнолуние. Рынок упал на 5%. Астрология не работает.",1,"{'price':8300,'volatility':0.070,'fear_greed_index':10}","moon_phase",0.7,-0.06
2026-12-11 09:10:22,msg_0964,user_AGX,"Сегодня я не торгую – восстанавливаю режим сна. Выспался – голова ясная.",0,"{'price':8600,'volatility':0.028,'fear_greed_index':14}","hold",0.0,0.0
2026-12-11 09:55:44,msg_0965,user_AGY,"План: покупать при пробое 8700 с объёмом. Пробой был – купил, прибыль 1.2%",0,"{'price':8700,'volatility':0.032,'fear_greed_index':16}","hold",0.1,0.012
2026-12-11 10:40:33,msg_0966,user_AGZ,"Мой стоп на 8600 сработал, убыток 0.6%. Не жалею.",0,"{'price':8600,'volatility':0.035,'fear_greed_index':14}","hold",0.2,-0.006
2026-12-11 11:25:22,msg_0967,user_AHA,"Сегодня я не торгую – веду блог о трейдинге. Обучение других помогает себе.",0,"{'price':8800,'volatility':0.020,'fear_greed_index':18}","hold",0.0,0.0
2026-12-11 12:15:55,msg_0968,user_AHB,"Увидел, как все бегут в Tether, тоже побежал. Продал биткоин по 8500, купил USDT. Через час биткоин вырос до 9000. Паника.",1,"{'price':8500,'volatility':0.100,'fear_greed_index':8}","stablecoin_panic",0.7,-0.10
2026-12-11 13:05:33,msg_0969,user_AHC,"Потерял 10% за день, решил снять стресс покупкой ненужных вещей на маркетплейсе. Потратил ещё 5% депозита. Эмоциональный шопинг.",1,"{'price':8600,'volatility':0.065,'fear_greed_index':10}","retail_therapy",0.5,-0.05
2026-12-12 09:10:44,msg_0970,user_AHD,"Подписался на платный канал «гарантированный доход 10% в день». Сделал, как сказали – потерял 30% за неделю. Гарантий не бывает.",1,"{'price':8300,'volatility':0.080,'fear_greed_index':7}","paid_channel",0.9,-0.35
2026-12-12 09:55:33,msg_0971,user_AHE,"Услышал, что биржа скоро обанкротится. В панике вывел всё на личный кошелёк, но ошибся адресом – отправил на чужой. Потерял всё.",1,"{'price':8200,'volatility':0.060,'fear_greed_index':6}","panic_withdraw_mistake",1.0,-1.0
2026-12-12 10:40:22,msg_0972,user_AHF,"Торговал во время просмотра футбола. Гол забили – я отвлёкся и пропустил сигнал. Потерял 8%",1,"{'price':8400,'volatility':0.070,'fear_greed_index':9}","soccer_distraction",0.6,-0.10
2026-12-12 11:25:55,msg_0973,user_AHG,"Решил «удивить рынок» – открыл сделку на 100% депозита с плечом 2х. Рынок удивил меня – упал на 5%, маржин-колл. Потерял всё.",1,"{'price':8100,'volatility':0.110,'fear_greed_index':5}","surprise_market",1.0,-1.0
2026-12-12 12:15:33,msg_0974,user_AHH,"Мне приснилось число 777, я купил 777 токенов по 7.77$. Токен упал на 20%. Сны – не индикатор.",1,"{'price':7.77,'volatility':0.090,'fear_greed_index':22}","dream_trade",0.6,-0.15
2026-12-12 13:05:44,msg_0975,user_AHI,"Потерял флешку с резервными копиями, на ней были ключи от холодного кошелька. Потерял 2 BTC навсегда. Бэкапы должны быть в трёх местах.",1,"{'price':8500,'volatility':0.025,'fear_greed_index':12}","lost_backup",1.0,-2.0
2026-12-13 09:10:22,msg_0976,user_AHJ,"Сегодня я ничего не делал. Просто отдыхал. Рынок был боковик. Спокойно.",0,"{'price':8600,'volatility':0.018,'fear_greed_index':15}","hold",0.0,0.0
2026-12-13 09:55:44,msg_0977,user_AHK,"План: покупать при откате к 8500. Дождался, купил. Прибыль 1.5%",0,"{'price':8500,'volatility':0.025,'fear_greed_index':14}","hold",0.1,0.015
2026-12-13 10:40:33,msg_0978,user_AHL,"Мой стоп на 8400 сработал, убыток 0.5%. Не жалею.",0,"{'price':8400,'volatility':0.030,'fear_greed_index':12}","hold",0.2,-0.005
2026-12-13 11:25:22,msg_0979,user_AHM,"Сегодня я не торгую – настраиваю новое торговое место. Эргономика важна.",0,"{'price':8600,'volatility':0.020,'fear_greed_index':16}","hold",0.0,0.0
2026-12-13 12:15:55,msg_0980,user_AHN,"Увидел, как цена выросла на 3% за минуту, подумал «прорыв», купил на всю котлету. Оказалось – фиксинг крупного ордера. Цена упала на 4%",1,"{'price':8900,'volatility':0.095,'fear_greed_index':22}","fixing_fool",0.8,-0.10
2026-12-13 13:05:33,msg_0981,user_AHO,"Усреднил убыток 3 раза, думая что вот-вот разворот. Разворот наступил через 2 минуты после моей ликвидации. Везение не моя сторона.",1,"{'price':8300,'volatility':0.110,'fear_greed_index':9}","averaging_timing",1.0,-0.28
2026-12-14 09:10:44,msg_0982,user_AHP,"Мне позвонили из «полиции», сказали, что мой аккаунт заблокирован за отмывание. Перевёл 3000$ на «безопасный счёт» – мошенники.",1,"{'price':8500,'volatility':0.040,'fear_greed_index':11}","police_scam2",1.0,-0.30
2026-12-14 09:55:33,msg_0983,user_AHQ,"Увидел, как какой-то парень на YouTube заработал 10 BTC за день. Купил его курс за 1000$. Курс оказался бесполезным. Инфоцыгане.",1,"{'price':8600,'volatility':0.020,'fear_greed_index':13}","info_gypsy",0.7,-0.10
2026-12-14 10:40:22,msg_0984,user_AHR,"Потерял 5% за час, в ярости начал нажимать на кнопку «купить» случайные активы. Потерял ещё 10%",1,"{'price':8400,'volatility':0.080,'fear_greed_index':10}","random_buy",1.0,-0.18
2026-12-14 11:25:55,msg_0985,user_AHS,"Держал позицию через выходные, хотя знал, что в понедельник важные новости. Новости вышли плохие, гэп вниз 8%. Потерял.",1,"{'price':7900,'volatility':0.100,'fear_greed_index':5}","weekend_gap",0.8,-0.15
2026-12-14 12:15:33,msg_0986,user_AHT,"Торговал на бирже с большими комиссиями, не учёл их. Совершил 100 сделок, комиссии съели 20% депозита. Считайте издержки.",1,"{'price':8200,'volatility':0.060,'fear_greed_index':8}","fee_ignorance",0.6,-0.22
2026-12-14 13:05:44,msg_0987,user_AHU,"Услышал, что скоро «киты» начнут скупать. Купил на всё. «Киты» не начали, цена упала на 4%",1,"{'price':8100,'volatility':0.075,'fear_greed_index':7}","whale_rumor",0.8,-0.07
2026-12-15 09:10:22,msg_0988,user_AHV,"Сегодня я ничего не делал. Рынок был в боковике. Не потерял.",0,"{'price':8300,'volatility':0.015,'fear_greed_index':10}","hold",0.0,0.0
2026-12-15 09:55:44,msg_0989,user_AHW,"План: покупать при пробое 8400 с объёмом. Пробой был – купил, прибыль 1%",0,"{'price':8400,'volatility':0.022,'fear_greed_index':12}","hold",0.1,0.01
2026-12-15 10:40:33,msg_0990,user_AHX,"Мой стоп на 8300 сработал, убыток 0.5%. Записал в журнал.",0,"{'price':8300,'volatility':0.025,'fear_greed_index':11}","hold",0.2,-0.005
2026-12-15 11:25:22,msg_0991,user_AHY,"Увидел, что кто-то крупно продал, подумал «обвал», продал с убытком. Оказалось – ошибочный ордер. Цена выросла на 5%",1,"{'price':8500,'volatility':0.085,'fear_greed_index':16}","fat_finger_panic",0.8,-0.09
2026-12-15 12:15:55,msg_0992,user_AHZ,"Решил, что я умнее рынка. Открыл шорт на минимумах. Рынок развернулся вверх на 10%. Гордыня.",1,"{'price':8100,'volatility':0.120,'fear_greed_index':6}","smarter_than_market",1.0,-0.22
2026-12-15 13:05:33,msg_0993,user_AIA,"Потерял пароль от биржи и не мог войти. Пока восстанавливал, рынок упал на 10%, моя позиция превратилась в -15%",1,"{'price':7800,'volatility':0.110,'fear_greed_index':4}","recovery_lock",0.7,-0.18
2026-12-16 09:10:44,msg_0994,user_AIB,"Услышал, что завтра будет «глобальный байбэк» от команды. Купил на всё. Байбэка не было, токен упал на 20%",1,"{'price':0.10,'volatility':0.150,'fear_greed_index':38}","buyback_fake",0.9,-0.25
2026-12-16 09:55:33,msg_0995,user_AIC,"Торговал на эмоциях после увольнения с работы. Потерял 20% депозита за час. Не трейдить в плохом настроении.",1,"{'price':8000,'volatility':0.090,'fear_greed_index':8}","job_loss_tilt",0.9,-0.25
2026-12-16 10:40:22,msg_0996,user_AID,"Увидел, как все радуются росту, я продал, думая, что вершина. Цена выросла ещё на 15% без меня. Ранний выход.",1,"{'price':9500,'volatility':0.080,'fear_greed_index':48}","early_sell",0.6,-0.12
2026-12-16 11:25:55,msg_0997,user_AIE,"Поставил стоп на 8200, но перед сном передвинул на 8000, «чтобы не выбило». Утром цена 7800. Потерял 20%",1,"{'price':7800,'volatility':0.130,'fear_greed_index':4}","move_stop_sleep",1.0,-0.28
2026-12-16 12:15:33,msg_0998,user_AIF,"Мне написал «администратор» в Discord, попросил ключи для «оптимизации». Я дал. Украли все средства. Никогда никому не давайте ключи.",1,"{'price':7900,'volatility':0.040,'fear_greed_index':6}","discord_keys",1.0,-1.0
2026-12-16 13:05:44,msg_0999,user_AIG,"Усреднил убыток 7 раз за два дня. Средняя 8500, цена 7500. Потерял 50% депозита. Усреднение – болезнь.",1,"{'price':7500,'volatility':0.160,'fear_greed_index':3}","averaging_sickness",1.0,-0.55
2026-12-17 09:10:22,msg_1000,user_AIH,"Поздравляю себя с 1000-й записью датасета! Я потерял почти всё, но продолжаю торговать. Дисциплина или смерть.",1,"{'price':7700,'volatility':0.090,'fear_greed_index':5}","milestone_loss",1.0,-0.90
2026-12-17 09:55:44,msg_1001,user_AII,"Увидел, как мой кошелек пустеет, начал торговать вслепую, надеясь на чудо. Чудес не бывает. Потерял остатки.",1,"{'price':7600,'volatility':0.100,'fear_greed_index':4}","blind_hope",1.0,-0.30
2026-12-17 10:40:33,msg_1002,user_AIJ,"Решил «отыграться» с помощью астрологии. Открыл сделку по положению Венеры. Венера не помогла. Потерял 10%",1,"{'price':7800,'volatility':0.075,'fear_greed_index':6}","venus_trade",0.8,-0.12
2026-12-17 11:25:22,msg_1003,user_AIK,"Услышал, что кто-то нашёл баг в бирже и вывел миллион. Я попробовал повторить – меня заблокировали за попытку взлома. Аккаунт заморожен, деньги потеряны.",1,"{'price':7900,'volatility':0.050,'fear_greed_index':7}","hack_attempt",1.0,-1.0
2026-12-17 12:15:55,msg_1004,user_AIL,"Торговал на бирже с высокими рисками, не прочитав условия. Оказалось, что за ночь начисляется огромное финансирование. Проснулся с долгом.",1,"{'price':8000,'volatility':0.070,'fear_greed_index':8}","funding_surprise",1.0,-0.40
2026-12-17 13:05:33,msg_1005,user_AIM,"Потерял 5% на сделке, решил, что рынок должен мне эти деньги. Открыл лонг с плечом 2х. Рынок ничего никому не должен – потерял ещё 10%",1,"{'price':7700,'volatility':0.090,'fear_greed_index':5}","entitled_fail",1.0,-0.18
2026-12-18 09:10:44,msg_1006,user_AIN,"Увидел, как цена отскочила от поддержки, подумал «дно», купил на всё. Поддержка не устояла, цена упала ещё на 8%",1,"{'price':7400,'volatility':0.120,'fear_greed_index':3}","false_support",0.9,-0.15
2026-12-18 09:55:33,msg_1007,user_AIO,"Мне позвонили из «банка», сказали, что моя карта скомпрометирована. Я перевёл все деньги на «безопасный счёт» – мошенники. Потерял 10 000$",1,"{'price':7600,'volatility':0.030,'fear_greed_index':5}","bank_scam2",1.0,-1.0
2026-12-18 10:40:22,msg_1008,user_AIP,"Торговал на ETC, забыл про хардфорк. Во время хардфорка биржа остановила торговлю, я не мог закрыть убыточную позицию. Потерял 15%",1,"{'price':25,'volatility':0.150,'fear_greed_index':22}","hardfork_lock",0.7,-0.20
2026-12-18 11:25:55,msg_1009,user_AIQ,"Усреднил убыток на 7500, потом на 7300. Средняя 7400, цена 7100. Ликвидация. Усреднение – могила.",1,"{'price':7100,'volatility':0.130,'fear_greed_index':3}","averaging_death",1.0,-0.45
2026-12-18 12:15:33,msg_1010,user_AIR,"Держал убыток в 10%, надеясь на чудо. Чудо не случилось. Закрыл на -25%. Надежда – плохая стратегия.",1,"{'price':6800,'volatility':0.160,'fear_greed_index':2}","hope_final",1.0,-0.30
2026-12-18 13:05:44,msg_1011,user_AIS,"Проснулся ночью от того, что кто-то пытался зайти в мой аккаунт. В панике перевёл всё на новый кошелёк, но ошибся и отправил на чужой. Потерял всё.",1,"{'price':7000,'volatility':0.060,'fear_greed_index':4}","night_hack_panic",1.0,-1.0
2026-12-19 09:10:22,msg_1012,user_AIT,"Сегодня я ничего не делал. Рынок упал ещё на 5%, я не потерял. Бездействие – лучшая сделка.",0,"{'price':6700,'volatility':0.080,'fear_greed_index':3}","hold",0.0,0.0
2026-12-19 09:55:44,msg_1013,user_AIU,"План: покупать только при RSI<20 на дневках. Дождался, купил. Прибыль 3% за три дня.",0,"{'price':6900,'volatility':0.060,'fear_greed_index':4}","hold",0.1,0.03
2026-12-19 10:40:33,msg_1014,user_AIV,"Мой стоп на 6800 сработал, убыток 0.7%. Не расстроился.",0,"{'price':6800,'volatility':0.065,'fear_greed_index':3}","hold",0.2,-0.007
2026-12-19 11:25:22,msg_1015,user_AIW,"Увидел, как все продают на панике, тоже продал. Оказалось – дно. Цена выросла на 20% за день. Стадное чувство.",1,"{'price':6500,'volatility':0.140,'fear_greed_index':2}","herd_bottom",0.8,-0.18
2026-12-19 12:15:55,msg_1016,user_AIX,"Поставил стоп на 6600, но потом решил, что это слишком близко, убрал стоп. Цена упала до 6000. Потерял 30%",1,"{'price':6000,'volatility':0.190,'fear_greed_index':2}","remove_stop_crash",1.0,-0.35
2026-12-19 13:05:33,msg_1017,user_AIY,"Мне написал «инвестиционный менеджер», предложил управлять моими средствами. Отдал ему 0.5 BTC – он исчез. Доверяй, но проверяй.",1,"{'price':6800,'volatility':0.030,'fear_greed_index':4}","manager_scam",1.0,-0.50
2026-12-20 09:10:44,msg_1018,user_AIZ,"Услышал, что Coinbase добавит новый токен. Купил на всё. Coinbase не добавил, токен упал на 15%",1,"{'price':0.20,'volatility':0.150,'fear_greed_index':35}","coinbase_rumor",0.8,-0.20
2026-12-20 09:55:33,msg_1019,user_AJA,"Потерял 8% за день, решил «отыграться» на спортивных ставках. Потерял ещё 12%",1,"{'price':6600,'volatility':0.060,'fear_greed_index':5}","sports_bet",0.9,-0.22
2026-12-20 10:40:22,msg_1020,user_AJB,"Торговал с закрытыми глазами (челендж). Открыл 5 сделок, все убыточные. Потерял 10%",1,"{'price':6700,'volatility':0.080,'fear_greed_index':4}","blind_trade",0.9,-0.12
2026-12-20 11:25:55,msg_1021,user_AJC,"Увидел, как мой подписчик в телеграме сказал, что я гений. Поверил, увеличил лот в 5 раз. Сразу проиграл.",1,"{'price':6900,'volatility':0.070,'fear_greed_index':7}","genius_syndrome",0.9,-0.25
2026-12-20 12:15:33,msg_1022,user_AJD,"Держал убыток в 15%, думая, что это просто коррекция. Оказалось, тренд развернулся. Закрыл на -30%",1,"{'price':5500,'volatility':0.180,'fear_greed_index':2}","trend_mistake",1.0,-0.35
2026-12-20 13:05:44,msg_1023,user_AJE,"Усреднил убыток на 5800, потом на 5600. Средняя 5700, цена 5200. Ликвидация. Усреднение – самоубийство.",1,"{'price':5200,'volatility':0.170,'fear_greed_index':2}","averaging_suicide",1.0,-0.55
2026-12-21 09:10:22,msg_1024,user_AJF,"Сегодня я не торгую – переосмысливаю стратегию. Анализ ошибок.",0,"{'price':5600,'volatility':0.040,'fear_greed_index':3}","hold",0.0,0.0
2026-12-21 09:55:44,msg_1025,user_AJG,"План: покупать при пробое 5700 с объёмом. Пробой был – купил, прибыль 1.5%",0,"{'price':5700,'volatility':0.035,'fear_greed_index':4}","hold",0.1,0.015
2026-12-21 10:40:33,msg_1026,user_AJH,"Мой стоп на 5600 сработал, убыток 0.6%. Не жалею.",0,"{'price':5600,'volatility':0.038,'fear_greed_index':3}","hold",0.2,-0.006
2026-12-21 11:25:22,msg_1027,user_AJI,"Сегодня я не торгую – занимаюсь спортом. Здоровье важнее.",0,"{'price':5800,'volatility':0.025,'fear_greed_index':5}","hold",0.0,0.0
2026-12-21 12:15:55,msg_1028,user_AJJ,"Увидел, как цена упала на 10% за час, подумал «дно» и купил с плечом 3х. Цена упала ещё на 10% – ликвидация.",1,"{'price':5200,'volatility':0.150,'fear_greed_index':2}","falling_knife",1.0,-0.35
2026-12-21 13:05:33,msg_1029,user_AJK,"Услышал, что скоро «сжигание токенов». Купил на всё. Сожгли не те токены, цена упала на 8%",1,"{'price':0.50,'volatility':0.090,'fear_greed_index':18}","burn_rumor",0.8,-0.10
2026-12-22 09:10:44,msg_1030,user_AJL,"Мне позвонили из «криптобиржи», сказали, что мой аккаунт заблокирован за подозрительную активность. Перевёл 2000$ для разблокировки – мошенники.",1,"{'price':5400,'volatility':0.045,'fear_greed_index':3}","unlock_scam",1.0,-0.20
2026-12-22 09:55:33,msg_1031,user_AJM,"Решил, что буду торговать только на новостях. Новость вышла позитивная, я купил на пике. Цена упала на 6%",1,"{'price':6000,'volatility':0.080,'fear_greed_index':8}","news_peak",0.8,-0.09
2026-12-22 10:40:22,msg_1032,user_AJN,"Потерял 5% на сделке, разозлился и перевёл все деньги на рулетку. Потерял всё. Лудамания.",1,"{'price':5500,'volatility':0.050,'fear_greed_index':4}","roulette_tilt",1.0,-0.60
2026-12-22 11:25:55,msg_1033,user_AJO,"Увидел, что мой любимый криптоинфлюенсер купил токен XYZ. Купил на всё. Инфлюенсер получил токены бесплатно и продал их через час. Я остался с убытком.",1,"{'price':0.01,'volatility':0.200,'fear_greed_index':55}","influencer_dump",0.9,-0.95
2026-12-22 12:15:33,msg_1034,user_AJP,"Торговал с высокой температурой, бредил, думал, что цена 100000, купил по 6000. Потерял 10%",1,"{'price':6000,'volatility':0.070,'fear_greed_index':7}","fever_delirium",0.7,-0.10
2026-12-22 13:05:44,msg_1035,user_AJQ,"Усреднил убыток на 5300, потом на 5100. Средняя 5200, цена 4900. Ликвидация. Усреднение – зло.",1,"{'price':4900,'volatility':0.140,'fear_greed_index':2}","averaging_evil",1.0,-0.50
2026-12-23 09:10:22,msg_1036,user_AJR,"Сегодня я ничего не делал. Рынок консолидируется. Жду ясности.",0,"{'price':5100,'volatility':0.030,'fear_greed_index':3}","hold",0.0,0.0
2026-12-23 09:55:44,msg_1037,user_AJS,"План: покупать при откате к 5000. Дождался, купил. Прибыль 1.2%",0,"{'price':5000,'volatility':0.028,'fear_greed_index':3}","hold",0.1,0.012
2026-12-23 10:40:33,msg_1038,user_AJT,"Мой стоп на 4900 сработал, убыток 0.5%. Не жалею.",0,"{'price':4900,'volatility':0.032,'fear_greed_index':3}","hold",0.2,-0.005
2026-12-23 11:25:22,msg_1039,user_AJU,"Сегодня я не торгую – подвожу итоги месяца. Дисциплина спасла капитал в кризис.",0,"{'price':5100,'volatility':0.020,'fear_greed_index':4}","hold",0.0,0.0
2026-12-23 12:15:55,msg_1040,user_AJV,"Завершаю эту часть. Трейдинг – это марафон, не спринт. Буду учиться дальше.",0,"{'price':5200,'volatility':0.022,'fear_greed_index':5}","hold",0.0,0.0
2026-10-14 10:55:33,msg_0683,user_WC,"Знакомый трейдер показал скриншот +50% за неделю. Я бросил свою стратегию и начал торговать как он – потерял 20%. Не копируйте чужие стили.",1,"{'price':16300,'volatility':0.070,'fear_greed_index':38}","copy_strategy",0.8,-0.20
2026-10-15 09:15:22,msg_0684,user_WD,"Сегодня я не выставил ордера, потому что «лень». Проспал движение вниз на 5%, остался в убыточной позиции. Лень – плохой помощник.",1,"{'price':15800,'volatility':0.085,'fear_greed_index':28}","lazy_no_orders",0.5,-0.10
2026-10-15 10:40:55,msg_0685,user_WE,"Мне позвонили из «биржи», сказали, что мои средства заморожены по решению суда. Я в панике перевёл всё на «безопасный кошелёк» – это были мошенники. Потерял всё.",1,"{'price':15500,'volatility':0.060,'fear_greed_index':30}","fake_court_call",1.0,-1.0
2026-10-16 09:05:33,msg_0686,user_WF,"После недели волатильности я возвращаюсь к базовому плану. Уровни, стопы, тейки – всё на месте.",0,"{'price':16000,'volatility':0.045,'fear_greed_index':35}","back_to_plan",0.1,0.0
2026-10-16 10:30:22,msg_0687,user_WG,"Сигнал на покупку по RSI oversold. Вошёл с маленьким стопом. Прибыль 1.5%",0,"{'price':16200,'volatility':0.038,'fear_greed_index':32}","rsi_oversold",0.1,0.015
2026-10-16 11:55:44,msg_0688,user_WH,"Дневной лимит убытка 1%. Сегодня первая сделка дала -0.8%. Закрываю терминал. Дисциплина.",0,"{'price':16100,'volatility':0.040,'fear_greed_index':34}","loss_limit_early",0.1,-0.008
2026-10-17 09:20:33,msg_0689,user_WI,"Я не торгую во время крупных экономических новостей. Сегодня данные по ВВП – я в кэше. Рынок дёрнулся на 1.5% туда-сюда, я ничего не потерял.",0,"{'price':16150,'volatility':0.055,'fear_greed_index':33}","gdp_avoid",0.0,0.0
2026-10-17 10:45:55,msg_0690,user_WJ,"План: покупать на уровне 16000 с подтверждением свечой. Дождался, купил. Стоп на 15800. Профит 2%",0,"{'price':16000,'volatility':0.042,'fear_greed_index':30}","level_confirmation",0.1,0.02
2026-10-18 09:10:22,msg_0691,user_WK,"Использую дробление позиции: вхожу тремя частями. Первая часть сработала, цена пошла вверх, две части не добавились. Всё равно профит.",0,"{'price':16200,'volatility':0.030,'fear_greed_index':38}","scaling",0.2,0.008
2026-10-18 10:35:44,msg_0692,user_WL,"Сегодня день без сделок – пересматриваю риск-менеджмент. Убеждаюсь, что на сделку не более 1%. Всё в порядке.",0,"{'price':16300,'volatility':0.025,'fear_greed_index':40}","risk_review",0.0,0.0
2026-10-19 09:25:33,msg_0693,user_WM,"Цена пробила сопротивление 16400 с объёмом. Купил. Трейлинг-стоп +1%. Сработало на +1.5%",0,"{'price':16400,'volatility':0.035,'fear_greed_index':48}","breakout_trailing",0.1,0.015
2026-10-19 10:50:22,msg_0694,user_WN,"Мой стоп на 16200 сработал, убыток 0.6%. Не расстраиваюсь. Записал в журнал. Следующая сделка – по плану.",0,"{'price':16200,'volatility':0.028,'fear_greed_index':42}","stop_loss_record",0.2,-0.006
2026-10-20 09:05:55,msg_0695,user_WO,"Сегодня я тестирую нового робота на демо-счету. Реальный счёт не трогаю. Безопасность важнее.",0,"{'price':16350,'volatility':0.022,'fear_greed_index':44}","demo_test2",0.0,0.0
2026-10-20 10:30:33,msg_0696,user_WP,"Уровень поддержки 16100. Поставил лимитник на 16110. Сработал, стоп на 16000. Профит 1.2%",0,"{'price':16110,'volatility':0.027,'fear_greed_index':39}","support_limit_buy",0.1,0.012
2026-10-21 09:15:44,msg_0697,user_WQ,"Новость: крупный инвестор купил 1% от эмиссии. Цена выросла на 2%. Я не покупаю на новости, жду отката. Откат дал 0.5% – вошёл, профит 1%",0,"{'price':16500,'volatility':0.038,'fear_greed_index':55}","investor_news",0.2,0.01
2026-10-21 10:40:55,msg_0698,user_WR,"Закончил день с +0.9% при двух сделках. Не переторговал. Спокойно.",0,"{'price':16450,'volatility':0.024,'fear_greed_index':52}","calm_day2",0.1,0.009
2026-10-22 09:30:33,msg_0699,user_WS,"Перед сделкой я проверяю календарь – нет ли важных событий в ближайший час. Событий нет – вхожу. Профит 0.8%",0,"{'price':16400,'volatility':0.020,'fear_greed_index':50}","event_check",0.1,0.008
2026-10-22 10:55:22,msg_0700,user_WT,"Сегодня я веду запись голосом своих эмоций перед каждой сделкой. Прослушав, понял, что лучше не входить. Не вошёл – цена упала на 1%. Сэкономил.",0,"{'price':16300,'volatility':0.026,'fear_greed_index':46}","voice_journal",0.2,0.0
2026-10-23 09:10:44,msg_0701,user_WU,"Использую только недельные графики для определения тренда. Тренд вверх – ищу лонги. Сегодняшняя сделка дала +1.5%",0,"{'price':16500,'volatility':0.030,'fear_greed_index':55}","weekly_trend",0.1,0.015
2026-10-23 10:35:33,msg_0702,user_WV,"Мой стоп сработал на 16300, убыток 0.7%. Не злюсь. Делаю дыхательное упражнение и выхожу на прогулку.",0,"{'price':16300,'volatility':0.028,'fear_greed_index':48}","breathing_walk",0.2,-0.007
2026-10-24 09:25:55,msg_0703,user_WW,"Сегодня я не торгую – пишу план на следующую неделю. Анализ, уровни, сценарии. Подготовка – 90% успеха.",0,"{'price':16450,'volatility':0.018,'fear_greed_index':52}","weekly_planning",0.0,0.0
2026-10-24 10:50:44,msg_0704,user_WX,"Я перестал торговать после 17:00. Сегодня 16:55, закрыл все позиции. В 17:00 рынок упал на 0.8% – я сэкономил.",0,"{'price':16400,'volatility':0.022,'fear_greed_index':50}","afternoon_close",0.0,0.0
2026-10-25 09:30:33,msg_0705,user_WY,"Сигнал на покупку по MACD crossover. Вошёл, стоп на 16300. Прибыль 1.2%",0,"{'price':16500,'volatility':0.025,'fear_greed_index':54}","macd_trade",0.1,0.012
2026-10-25 10:55:22,msg_0706,user_WZ,"Достиг дневной цели +1%. Закрыл всё, пошёл заниматься спортом. Не жадничаю.",0,"{'price':16550,'volatility':0.022,'fear_greed_index':56}","daily_target_sport",0.1,0.01
2026-10-26 09:05:44,msg_0707,user_XA,"Новость: возможный запрет крипты в Индии. Рынок упал на 2%. Я не продаю, потому что это не новость – это слух. Через час цена вернулась.",0,"{'price':16200,'volatility':0.048,'fear_greed_index':42}","india_rumor",0.2,0.0
2026-10-26 10:30:33,msg_0708,user_XB,"Использую автоматический трейлинг-стоп через API. Это убирает эмоции при подтягивании. Сегодня сработало чётко.",0,"{'price':16350,'volatility':0.028,'fear_greed_index':45}","api_trailing",0.1,0.009
2026-10-27 09:20:55,msg_0709,user_XC,"Уровень сопротивления 16600. Цена подошла, объёмы низкие – не шорчу. Пробой не состоялся, цена упала на 1% – я не потерял.",0,"{'price':16580,'volatility':0.024,'fear_greed_index':58}","resistance_low_vol",0.1,0.0
2026-10-27 10:45:33,msg_0710,user_XD,"Закончил неделю с +2.8% при 12 сделках. 9 прибыльных, 3 убыточных. Соотношение 3:1 – отлично.",0,"{'price':16400,'volatility':0.020,'fear_greed_index':52}","weekly_stats",0.0,0.0
2026-10-28 09:10:22,msg_0711,user_XE,"Перед сделкой спрашиваю: «Какая у меня вероятность успеха?» Если меньше 60% – не вхожу. Сегодня 70% – вошёл, профит.",0,"{'price':16450,'volatility':0.018,'fear_greed_index':54}","probability_check",0.2,0.007
2026-10-28 10:35:55,msg_0712,user_XF,"Мой стоп на 16300 сработал, убыток 0.5%. Не мщу. Следующая сделка – +0.9%.",0,"{'price':16300,'volatility':0.026,'fear_greed_index':48}","stop_then_recovery",0.2,0.009
2026-10-29 09:25:33,msg_0713,user_XG,"Сегодня день тихой торговли. Одна сделка – +0.6%. Не гонюсь. Стабильность.",0,"{'price':16400,'volatility':0.016,'fear_greed_index':50}","quiet_day3",0.1,0.006
2026-10-29 10:50:44,msg_0714,user_XH,"Я установил себе напоминание на телефоне: каждые 2 часа – перерыв 10 минут. Это снизило усталость и количество ошибок.",0,"{'price':16350,'volatility':0.019,'fear_greed_index':49}","break_reminder",0.1,0.0
2026-10-30 09:15:55,msg_0715,user_XI,"Вижу сильное падение, но объёмы падают. Это не паника, а коррекция. Не продаю. Остаюсь в позиции. Цена восстановилась.",0,"{'price':16100,'volatility':0.045,'fear_greed_index':38}","falling_volume",0.2,0.0
2026-10-30 10:40:33,msg_0716,user_XJ,"План: покупать на уровне 16000 с подтверждением. Дождался, купил. Прибыль 1.5% за два часа.",0,"{'price':16000,'volatility':0.035,'fear_greed_index':35}","level_buy",0.1,0.015
2026-10-31 09:10:22,msg_0717,user_XK,"Конец месяца. Подвожу итоги: октябрь +3.8%, просадка 1.2%. Дисциплина работает. Продолжаю.",0,"{'price':16200,'volatility':0.024,'fear_greed_index':44}","october_summary",0.0,0.0
2026-10-31 10:35:55,msg_0718,user_XL,"Сегодня последний день месяца – ребаланс. Закрываю все позиции, перевожу в кэш. Начинаю ноябрь с чистого листа.",0,"{'price':16250,'volatility':0.020,'fear_greed_index':46}","rebalance",0.1,0.0
2026-11-01 09:05:33,msg_0719,user_XM,"Новый месяц. Обновляю стопы и уровни. Первая сделка – половинным лотом. Вхожу плавно.",0,"{'price':16300,'volatility':0.018,'fear_greed_index':48}","november_start",0.1,0.0
2026-11-01 10:30:44,msg_0720,user_XN,"Сегодня я не торгую – изучаю поведенческие финансы. Понимание своих ошибок – ключ к успеху. Читаю Канемана.",0,"{'price':16350,'volatility':0.016,'fear_greed_index':50}","kahneman_study",0.0,0.0
2026-11-02 09:10:22,msg_0721,user_XO,"План: покупать при откате к 16200. Дождался, купил. Стоп на 16100. Прибыль 1.2%",0,"{'price':16200,'volatility':0.025,'fear_greed_index':45}","pullback_16200",0.1,0.012
2026-11-02 10:35:55,msg_0722,user_XP,"Мой стоп на 16150 сработал, убыток 0.6%. Не жалею. Записал в журнал. Следующая сделка дала +0.8%",0,"{'price':16150,'volatility':0.028,'fear_greed_index':42}","stop_win",0.2,0.008
2026-11-03 09:20:33,msg_0723,user_XQ,"Сегодня новость о запуске криптоплатформы от крупного банка. Цена выросла на 2%. Я не покупаю на новости, жду отката. Откат дал +1%",0,"{'price':16400,'volatility':0.038,'fear_greed_index':58}","bank_platform",0.2,0.01
2026-11-03 10:45:44,msg_0724,user_XR,"Я использую только лимитные ордера на вход. Это убирает эмоцию входа. Сегодня сработал лимитник, профит 0.9%",0,"{'price':16350,'volatility':0.020,'fear_greed_index':52}","limit_entry",0.1,0.009
2026-11-04 09:05:33,msg_0725,user_XS,"Дневной лимит убытка 1%. Первая сделка дала -0.9%, закрыл терминал. Сохранил капитал.",0,"{'price':16200,'volatility':0.032,'fear_greed_index':44}","daily_loss_limit2",0.1,-0.009
2026-11-04 10:30:22,msg_0726,user_XT,"Использую индикатор ADX для определения тренда. ADX>25 – тренд есть. Сегодня ADX=30, тренд вверх – купил, профит 1.3%",0,"{'price':16350,'volatility':0.026,'fear_greed_index':48}","adx_trade",0.1,0.013
2026-11-05 09:15:55,msg_0727,user_XU,"Перед сделкой медитирую 3 минуты. Это убирает импульс. Сегодня помогло – не вошёл в ложный сигнал.",0,"{'price':16300,'volatility':0.019,'fear_greed_index':46}","meditation_short",0.2,0.0
2026-11-05 10:40:33,msg_0728,user_XV,"Закончил день с +0.7%. Не гнался. Стабильность – ключ.",0,"{'price':16320,'volatility':0.018,'fear_greed_index':47}","stable_day3",0.1,0.007
2026-11-06 09:10:44,msg_0729,user_XW,"Сегодня я не торгую – пересматриваю свою стратегию. Нахожу узкие места. Улучшаю.",0,"{'price':16350,'volatility':0.015,'fear_greed_index':49}","strategy_review",0.0,0.0
2026-11-06 10:35:55,msg_0730,user_XX,"Уровень поддержки 16200. Поставил лимитник на 16210. Сработал, прибыль 1%",0,"{'price':16210,'volatility':0.022,'fear_greed_index':44}","support_buy_16210",0.1,0.01
2026-11-07 09:20:33,msg_0731,user_XY,"Сигнал на шорт, но дневной тренд вверх – не шорчу. Расхождение таймфреймов – фильтр.",0,"{'price':16380,'volatility':0.024,'fear_greed_index':50}","htf_filter2",0.2,0.0
2026-11-07 10:45:22,msg_0732,user_XZ,"Итоги недели: +2.2%, просадка 0.8%. Всё по плану. Выходные – отдых.",0,"{'price':16400,'volatility':0.020,'fear_greed_index':52}","weekend_rest",0.0,0.0
2026-11-08 09:05:55,msg_0733,user_YA,"Новая неделя. Проверяю календарь новостей. Нет важных событий до среды – можно торговать спокойно.",0,"{'price':16450,'volatility':0.018,'fear_greed_index':54}","news_calendar",0.0,0.0
2026-11-08 10:30:33,msg_0734,user_YB,"Цена пробила уровень 16500 с объёмом. Купил. Тейк на 16650. Сработало, +0.9%",0,"{'price':16500,'volatility':0.025,'fear_greed_index':58}","breakout_16500",0.1,0.009
2026-11-09 09:15:44,msg_0735,user_YC,"Мой стоп на 16400 сработал, убыток 0.5%. Не злюсь. Сделал 10 отжиманий, вернулся к работе.",0,"{'price':16400,'volatility':0.022,'fear_greed_index':55}","pushups",0.2,-0.005
2026-11-09 10:40:55,msg_0736,user_YD,"Сегодня я использую новую тактику: вхожу только если сигнал подтверждён на двух таймфреймах. Сработало, профит 1.2%",0,"{'price':16450,'volatility':0.024,'fear_greed_index':57}","multi_tf_confirm",0.1,0.012
2026-11-10 09:10:33,msg_0737,user_YE,"Я перестал читать чаты и телеграм-каналы. Только графики и новости из первоисточников. Шума стало меньше – прибыли больше.",0,"{'price':16500,'volatility':0.020,'fear_greed_index':60}","no_chats",0.1,0.0
2026-11-10 10:35:22,msg_0738,user_YF,"Закончил день с +1.1% при двух сделках. Обе по системе. Доволен.",0,"{'price':16550,'volatility':0.022,'fear_greed_index':62}","two_trades_win",0.1,0.011
2026-11-11 09:20:55,msg_0739,user_YG,"Перед входом я задаю себе вопрос: «Я готов принять убыток?» Если да – вхожу. Сегодня был готов – сделка прибыльная.",0,"{'price':16600,'volatility':0.024,'fear_greed_index':65}","accept_loss_question",0.2,0.008
2026-11-11 10:45:33,msg_0740,user_YH,"Подвожу итог двух месяцев торговли: +6.5%, макс просадка 1.8%. Дисциплина и план – главное. Продолжаю.",0,"{'price':16650,'volatility':0.018,'fear_greed_index':68}","two_months_summary",0.0,0.0
2026-06-03 17:20:18,msg_0050,user_H,"Два дня полный покой. Закрыл все позиции, смотрью только новости макро. После слива нужно перезагрузиться. Чувствую, что возвращаю контроль.",0,"{'price':17500,'volatility':0.018,'fear_greed_index':35}","reset",0.2,0.0
2026-06-04 09:10:44,msg_0051,user_I,"На утренней сессии резкий гэп вниз. Я продал по рынку, но оказалось, что это был отскок от поддержки. Цена пошла вверх, я остался без позиции. Очередной спонтанный шаг.",1,"{'price':17100,'volatility':0.041,'fear_greed_index':17}","panic_sell",0.6,-0.02
2026-06-04 09:50:30,msg_0052,user_J,"Торгую по паттерну «треугольник». Дождался пробоя, вошёл, стоп за край. Никаких эмоций. Рынок дал 2% за час. Вот это я понимаю – работа.",0,"{'price':17620,'volatility':0.023,'fear_greed_index':44}","pattern_trade",0.1,0.02
2026-06-04 10:30:15,msg_0053,user_K,"У меня было три убыточные сделки подряд. Четвёртую я сделал с удвоенным объёмом, чтобы отбиться. Снова в минус. Теперь убыток в 4 раза больше, чем мог бы быть. Тильт – мой враг.",1,"{'price':17450,'volatility':0.028,'fear_greed_index':30}","martingale",0.9,-0.16
2026-06-04 11:15:05,msg_0054,user_L,"Я перестал смотреть на счёт в деньгах и смотрю только в процентах. Это помогает меньше переживать. Сегодня -1%, нормально, завтра отыграю. Спокойствие.",0,"{'price':17380,'volatility':0.017,'fear_greed_index':32}","mental_accounting",0.2,0.0
2026-09-04 09:25:44,msg_0583,user_SG,"Сегодня важные данные по безработице. Я не вхожу до публикации и 30 минут после. Данные вышли нейтральные, цена сходила вниз и вверх, я ничего не потерял.",0,"{'price':17050,'volatility':0.040,'fear_greed_index':34}","data_avoid",0.1,0.0
2026-09-04 10:50:33,msg_0584,user_SH,"После данных рынок начал тренд вниз. Я вошёл в шорт на подтверждении. Прибыль 1.8% за два часа.",0,"{'price':16900,'volatility':0.035,'fear_greed_index':29}","data_trend",0.1,0.018
2026-09-04 12:15:22,msg_0585,user_SI,"Достиг цели на день – +1%. Закрыл терминал и пошёл на обед. Не жадничаю.",0,"{'price':17000,'volatility':0.025,'fear_greed_index':32}","daily_target_hit",0.1,0.01
2026-09-05 09:30:33,msg_0586,user_SJ,"Выходные. Никакого трейдинга. Только анализ прошедшей недели. Обучение и отдых.",0,"{'price':17100,'volatility':0.018,'fear_greed_index':34}","weekend_analysis",0.0,0.0
2026-09-06 09:05:22,msg_0587,user_SK,"Новая неделя. Обновил уровни. Рынок открылся гэпом вверх. Не гонюсь – жду закрытия гэпа. Гэп закрылся через час, купил, профит 1.2%",0,"{'price':17200,'volatility':0.027,'fear_greed_index':40}","gap_fill",0.2,0.012
2026-09-06 10:30:55,msg_0588,user_SL,"Мой стоп сработал на 17150, убыток 0.5%. Не злюсь. Следующая сделка дала +0.8%.",0,"{'price':17150,'volatility':0.022,'fear_greed_index':37}","stop_then_win",0.2,0.008
2026-06-04 12:00:00,msg_0055,user_M,"Цена пробила мой стоп-лосс на 1 пункт и сразу улетела в мою сторону. Если бы я не поставил стоп, был бы в плюсе. Теперь я злой и сомневаюсь в стопах. Но убирать стопы – ещё хуже. Ситуация тупиковая.",1,"{'price':17500,'volatility':0.026,'fear_greed_index':36}","stop_loss_regret",0.7,-0.01
2026-06-04 12:45:33,msg_0056,user_N,"Вошёл по сигналу RSI на перепроданности. Но внутри сомнения: «А вдруг это не дно?» Взял только половину обычного лота. Цена дала 3% отскока. Хорошо, что хоть что-то взял, но жадность шепчет «надо было полным»",0,"{'price':17200,'volatility':0.035,'fear_greed_index':19}","undersizing",0.4,0.01
2026-06-04 13:30:22,msg_0057,user_O,"Смотрю, как мой друг торгует и зарабатывает огромные суммы на опционах. Пытаюсь повторить его схему, но у меня ничего не получается. Потерял уже 30% депозита. Надо торговать по своему характеру, а не по чужому.",1,"{'price':17700,'volatility':0.065,'fear_greed_index':48}","envy_trade",0.8,-0.25
2026-06-04 14:15:10,msg_0058,user_P,"Держу позицию уже неделю. Сегодня был сильный откат на -5% от максимума. Хотел закрыть, но вспомнил, что торгую по тренду и откаты – это норма. Остался. Цена восстановилась.",0,"{'price':17450,'volatility':0.030,'fear_greed_index':34}","stay_in_trend",0.3,0.02
2026-06-04 15:00:44,msg_0059,user_Q,"Я веду дневник эмоций и заметил, что лучшие сделки – когда скучно. Сегодня было скучно и я не входил. Рынок сделал ложное движение, которое поймали многие. Я не потерял. Скука – хороший признак.",0,"{'price':17390,'volatility':0.012,'fear_greed_index':29}","boredom_hold",0.1,0.0
2026-06-04 15:45:19,msg_0060,user_R,"Увидел дивергенцию на часовках – сигнал на разворот. Открыл шорт. Цена пошла против меня, я быстро закрыл с небольшим убытком. Через час дивергенция сработала, но меня уже не было. Боязнь убытка убила прибыль.",1,"{'price':17600,'volatility':0.019,'fear_greed_index':43}","early_exit",0.6,-0.02
2026-06-04 16:30:00,msg_0061,user_S,"Победил страх. У меня был сигнал на покупку, но уровень был на хаях. Обычно я боюсь покупать на хаях – сегодня переборол себя и купил. Профит +4% за 2 часа. Страх был ложный.",0,"{'price':17850,'volatility':0.025,'fear_greed_index':58}","overcome_fear",0.4,0.04
2026-06-04 17:15:33,msg_0062,user_T,"После серии побед я решил отдохнуть день. И правильно – рынок сегодня был непредсказуемым пилой. Я не потерял, а те кто торговал – в минусе. Иногда лучшая сделка – это отсутствие сделки.",0,"{'price':17420,'volatility':0.033,'fear_greed_index':38}","skip_day",0.1,0.0
2026-06-05 09:05:12,msg_0063,user_A,"Новая неделя. Поставил себе лимит на 3 сделки в день. Третью сделал уже в 9:30 – нарушил. Надо было стоп. Но хотя бы не переторговал дальше. Маленькая победа над собой.",0,"{'price':17450,'volatility':0.015,'fear_greed_index':35}","trade_limit",0.5,0.0
2026-06-05 09:50:44,msg_0064,user_B,"Купил на откате, как учил мой наставник. Вход по лимитнику, стоп за уровнем. Цена пошла вверх, я спокоен. Наконец-то я начал применять правила, а не импульсы.",0,"{'price':17300,'volatility':0.020,'fear_greed_index':30}","pullback_buy",0.2,0.02
2026-06-05 10:35:22,msg_0065,user_C,"Заметила, что я всегда закрываю прибыльные сделки слишком рано, а убыточные держу слишком долго. Сегодня специально поставила тейк-профит на +4% и трэйлинг стоп. Сработало на +4.2%. Работа над ошибками.",0,"{'price':17600,'volatility':0.027,'fear_greed_index':45}","trailing_stop",0.3,0.042
2026-06-05 11:20:07,msg_0066,user_D,"Читал книгу про когнитивные искажения. Осознал, что я постоянно страдаю от «эффекта владения» – переоцениваю то, что уже купил. Поэтому держу убытки. Теперь буду спрашивать себя: «купил бы я это сейчас?»",1,"{'price':17000,'volatility':0.031,'fear_greed_index':20}","endowment_effect",0.9,-0.05
2026-06-05 12:00:00,msg_0067,user_E,"На рынке сильное движение вверх. У меня нет позиции. Я не гонюсь. Просто смотрю и учусь. Тело чешется войти, но я держу руки в карманах. Прогресс.",0,"{'price':18000,'volatility':0.040,'fear_greed_index':75}","watch_only",0.3,0.0
2026-06-05 12:45:33,msg_0068,user_F,"Поймал дно по ETH – но на 10% депозита, не на всём. Теперь сижу в плюсе 15%. Внутри орёт «добавляйся, будет 2000$!» Но я помню прошлые ошибки. Нет. Закрываю позицию. Зафиксировал прибыль.",0,"{'price':1850,'volatility':0.055,'fear_greed_index':68}","partial_take",0.2,0.15
2026-06-05 13:30:22,msg_0069,user_G,"Моя девушка сказала: «Опять ты смотришь в график». Я разозлился и закрыл терминал. Потерял за день 3% из-за того, что не мог закрыть убыток вовремя. Эмоции извне тоже влияют.",1,"{'price':17400,'volatility':0.024,'fear_greed_index':34}","external_stress",0.7,-0.03
2026-06-05 14:15:10,msg_0070,user_H,"Сделал бэктэст своей стратегии на 5 годах. Результат положительный. Это дало мне уверенность. Теперь когда страх приходит, я вспоминаю цифры. Сегодня торговал без страха – закрыл день в плюс.",0,"{'price':17350,'volatility':0.017,'fear_greed_index':32}","backtest_confidence",0.2,0.01
2026-06-05 15:00:44,msg_0071,user_I,"Рынок за 30 минут упал на 7%. Я не продал, потому что физически не мог нажать кнопку – оцепенение. В итоге упало на 12%. Потерял полгода дохода за один час. Самое страшное – я видел всё и не сделал ничего.",1,"{'price':15800,'volatility':0.090,'fear_greed_index':8}","freeze",1.0,-0.25
2026-06-05 15:45:19,msg_0072,user_J,"Выставил стоп-лосс на 17000 по шорту. Цена коснулась 16999 и ушла на 17500. Я остался без позиции и без прибыли. Обидно, но стоп спас от большего убытка, если бы пошло дальше. Дисциплина важнее упущенной прибыли.",0,"{'price':17000,'volatility':0.036,'fear_greed_index':22}","stop_loss_honor",0.3,0.0
2026-06-05 16:30:33,msg_0073,user_K,"Торгую уже 5 лет, а всё равно иногда совершаю детские ошибки. Сегодня купил на новости, не дождавшись реакции. Купил на пике. Продал на откате. Минус. Завтра всё по плану.",1,"{'price':17700,'volatility':0.042,'fear_greed_index':55}","news_fomo",0.8,-0.06
2026-06-05 17:15:00,msg_0074,user_L,"Я написал правила на бумаге и повесил над монитором. Первое правило: «Не торговать после 17:00». Сейчас 17:15, я закрываю терминал. Выполняю. Завтра новый день.",0,"{'price':17420,'volatility':0.018,'fear_greed_index':33}","time_rule",0.1,0.0
2026-06-06 09:25:44,msg_0075,user_M,"Открыл короткую позицию, потому что все слишком оптимистичны. Индикатор страха и жадности показывает 90 – «экстремальная жадность». Это мой сигнал. Вошёл с маленьким стопом. Посмотрим.",0,"{'price':18200,'volatility':0.048,'fear_greed_index':90}","contrarian",0.5,0.0
2026-06-06 10:10:22,msg_0076,user_N,"Я проспал важное движение. Проснулся, увидел +10% и от злости шортнул. Мне показалось, что это слишком быстро. Ошибка – рынок может идти быстро долго. Потерял 8%. Никогда не торговать со злости.",1,"{'price':18500,'volatility':0.065,'fear_greed_index':92}","anger_trade",0.9,-0.18
2026-06-06 10:55:03,msg_0077,user_O,"Использую робота для автоматического исполнения стопов и тейков. Сам только анализирую. Это убрало 90% моих эмоций. Спасибо технологиям. Месяц в плюсе.",0,"{'price':17400,'volatility':0.022,'fear_greed_index':36}","automation",0.1,0.0
2026-06-06 11:40:19,msg_0078,user_P,"Сегодня мой риск на сделку не превышает 1%. Даже если цена пойдёт против меня, я не расстроюсь. Сон стал спокойнее. Главное – выжить до завтра.",0,"{'price':17350,'volatility':0.019,'fear_greed_index':31}","risk_control",0.2,0.0
2026-06-06 12:25:33,msg_0079,user_Q,"В порыве уверенности продал свой единственный BTC, потому что «будет коррекция». Коррекция была 5%, а потом улетело на 20% вверх. Я остался без монеты. Глупо пытаться поймать вершину.",1,"{'price':17800,'volatility':0.050,'fear_greed_index':67}","top_catch",0.9,-0.15
2026-06-06 13:15:55,msg_0080,user_R,"Мне приснился кошмар, как я теряю все деньги. Проснулся и закрыл все позиции. Потом посмотрел график – позиции были в плюсе. Я потерял прибыль из-за сна. Иррационально, но так бывает.",1,"{'price':17490,'volatility':0.014,'fear_greed_index':38}","dream_panic",0.6,-0.02
2026-06-06 14:00:00,msg_0081,user_S,"Я установил правило: если за день проигрываю 2%, то отключаюсь на сутки. Сегодня проиграл 2% на первой сделке. Выключил терминал. Второй день подряд выключаю. Жестко, но сохраняет капитал.",0,"{'price':17200,'volatility':0.027,'fear_greed_index':24}","daily_loss_limit",0.3,0.0
2026-06-06 14:45:22,msg_0082,user_T,"Вчера я выиграл 5%. Сегодня с утра был в эйфории и начал торговать агрессивно. Потерял 6%. Эйфория опаснее страха. Теперь буду напоминать себе: «после победы – отдых»",1,"{'price':17530,'volatility':0.033,'fear_greed_index':47}","euphoria_trade",0.8,-0.11
2026-06-06 15:30:11,msg_0083,user_A,"Я торгую по скользящим средним. Вход на пересечении, выход на противоположном. Сегодня было ложное пересечение – я вошёл и сразу вышел с небольшим минусом. Правила есть правила, не гадаю.",0,"{'price':17380,'volatility':0.016,'fear_greed_index':34}","ma_cross",0.2,-0.005
2026-06-06 16:20:44,msg_0084,user_B,"Рынок падает. Я открыл шорт. Падение продолжается, я двигаю стоп в безубыток. Через минуту цена отыгрывает назад и выносит меня по стопу в ноль. А потом падает ещё на 10% без меня. Вечная история.",1,"{'price':16400,'volatility':0.070,'fear_greed_index':12}","moving_stop",0.5,0.0
2026-06-06 17:05:33,msg_0085,user_C,"Вместо того чтобы анализировать график, я анализирую свои чувства. Заметил, что лучшие сделки – когда я равнодушен. Сегодня был равнодушен к входу – не вошёл. Рынок сделал ложный выброс. Экономия.",0,"{'price':17410,'volatility':0.018,'fear_greed_index':35}","feeling_analysis",0.2,0.0
2026-06-07 09:15:00,msg_0086,user_D,"Я сменил брокера на того, у которого есть защита от переторговки. Поставил лимит на 5 сделок в день. Дисциплина из вне помогает. Пока доволен.",0,"{'price':17390,'volatility':0.013,'fear_greed_index':33}","broker_limit",0.1,0.0
2026-08-05 09:30:33,msg_0465,user_NS,"После крупной победы (+10%) я начал торговать агрессивно, думая, что мне везёт. Проиграл 12% за два часа. Успех вскружил голову.",1,"{'price':18000,'volatility':0.052,'fear_greed_index':82}","winner_tilt",0.9,-0.12
2026-08-06 11:10:22,msg_0466,user_NT,"Увидел, как все продают, тоже продал по рынку. Оказалось – просто откат, цена вернулась на +4% без меня. Паническое стадо.",1,"{'price':16900,'volatility':0.068,'fear_greed_index':17}","herd_panic",0.8,-0.07
2026-08-07 14:50:55,msg_0467,user_NU,"Торговал в плохом настроении из-за бытовых проблем. Каждая потеря бесила, в итоге за час совершил 15 сделок, все убыточные. Потерял 10% депозита.",1,"{'price':17320,'volatility':0.035,'fear_greed_index':32}","emotional_tilt",0.9,-0.10
2026-08-08 10:40:33,msg_0468,user_NV,"Увидел мемкоин, который вырос на 300% за день. Решил, что успею. Зашёл на всё. Мемкоин рухнул на 80% через час. Потерял почти всё.",1,"{'price':0.0008,'volatility':0.280,'fear_greed_index':98}","meme_fomo",0.9,-0.40
2026-08-09 09:05:33,msg_0469,user_NW,"Новая неделя. Обновил уровни. Первая сделка – половинным лотом. Вхожу в ритм спокойно.",0,"{'price':17400,'volatility':0.016,'fear_greed_index':34}","new_week",0.1,0.0
2026-08-09 10:00:22,msg_0470,user_NX,"План: покупать при откате к 17300 с объёмом. Дождался, купил. Стоп на 17250. Профит 1.4%",0,"{'price':17300,'volatility':0.023,'fear_greed_index':30}","plan_follow",0.1,0.014
2026-08-09 11:00:55,msg_0471,user_NY,"Мой стоп сработал на 17280. Убыток 0.6%. Не злюсь, просто закрыл. Следующая сделка – по плану.",0,"{'price':17280,'volatility':0.029,'fear_greed_index':28}","stop_no_emotion",0.2,-0.006
2026-08-09 12:00:33,msg_0472,user_NZ,"Сегодня торгую только отложенными ордерами. Ни одного рыночного входа. Спокойно.",0,"{'price':17410,'volatility':0.015,'fear_greed_index':35}","limit_day",0.1,0.003
2026-08-09 13:00:22,msg_0473,user_OA,"Я не торгую во время выступления главы ФРС. Сегодня как раз выступление – я в кэше. Рынок скакал на 2% туда-сюда, я не участвовал.",0,"{'price':17450,'volatility':0.058,'fear_greed_index':42}","fedspeak_avoid",0.0,0.0
2026-08-09 14:00:44,msg_0474,user_OB,"Закрыл сделку с +0.8%, как и планировал. Дальше цена выросла ещё на 0.5%, но я не жалею. План есть план.",0,"{'price':17480,'volatility':0.020,'fear_greed_index':40}","tp_plan",0.1,0.008
2026-08-09 15:00:33,msg_0475,user_OC,"Уровень сопротивления 17600. Цена подошла, я не шорчу – просто жду. Пробоя нет. Сохранил капитал.",0,"{'price':17580,'volatility':0.018,'fear_greed_index':48}","resistance_skip",0.1,0.0
2026-08-09 16:00:22,msg_0476,user_OD,"Дневной лимит убытка – 1%. Сегодня на первой сделке -0.9%. Выключаю терминал. Жёстко, но эффективно.",0,"{'price':17200,'volatility':0.034,'fear_greed_index':25}","daily_loss",0.1,-0.009
2026-08-10 09:10:55,msg_0477,user_OE,"Перед сделкой проверяю новостной календарь. Через 2 часа важные данные – не вхожу. Буду ждать завтра.",0,"{'price':17420,'volatility':0.030,'fear_greed_index':36}","news_filter",0.1,0.0
2026-08-10 10:05:33,msg_0478,user_OF,"Использую трэйлинг-стоп с отступом 0.5%. Цена выросла на 2%, стоп подтянулся, сработал на +1.5%. Отлично.",0,"{'price':17600,'volatility':0.026,'fear_greed_index':52}","trailing",0.1,0.015
2026-08-10 11:00:22,msg_0479,user_OG,"Сигнал на покупку, но объёмы падают – не вхожу. Через час сигнал исчез, цены нет. Фильтр сработал.",0,"{'price':17380,'volatility':0.018,'fear_greed_index':35}","volume_div",0.2,0.0
2026-08-10 12:00:44,msg_0480,user_OH,"После двух убыточных сделок я полностью остановился на день. Анализирую. Лучше не торговать, чем торговать в тильте.",0,"{'price':17250,'volatility':0.033,'fear_greed_index':27}","stop_after_losses",0.2,0.0
2026-08-10 13:00:33,msg_0481,user_OI,"Я веду таблицу ожиданий и результатов. Сегодня ожидание совпало с результатом. Значит, торгую правильно.",0,"{'price':17450,'volatility':0.019,'fear_greed_index':38}","expectation_match",0.1,0.007
2026-08-10 14:00:22,msg_0482,user_OJ,"Торгую только по паттернам, которые дают 70%+ проходимость. Сегодня паттерн был – вошёл, профит 1.1%",0,"{'price':17520,'volatility':0.022,'fear_greed_index':45}","high_prob",0.1,0.011
2026-08-10 15:00:55,msg_0483,user_OK,"Закончил день с +0.6% и ушёл в спортзал. Не сижу перед экраном до вечера. Работа-жизнь баланс.",0,"{'price':17410,'volatility':0.014,'fear_greed_index':36}","balance",0.1,0.006
2026-08-11 09:05:33,msg_0484,user_OL,"План на день: не более 1% риска на сделку. Первая сделка риск 0.8% – вошёл. Убыток 0.8% – принял.",0,"{'price':17300,'volatility':0.027,'fear_greed_index':30}","risk_plan",0.1,-0.008
2026-08-11 10:00:22,msg_0485,user_OM,"Уровень поддержки 17150. Поставил лимитник на 17155. Сработал. Стоп на 17100. Цена упала до 17110 и пошла вверх. В плюсе.",0,"{'price':17155,'volatility':0.030,'fear_greed_index':24}","support_limit",0.1,0.009
2026-08-11 11:00:55,msg_0486,user_ON,"Я не торгую в понедельник до обеда – слишком много шума после выходных. Сегодня понедельник, сижу в кэше. Рынок был пилой – сэкономил.",0,"{'price':17400,'volatility':0.025,'fear_greed_index':34}","monday_avoid",0.0,0.0
2026-08-11 12:00:33,msg_0487,user_OO,"Получил +1% за утро. По правилу «фиксируй прибыль и делай перерыв» – закрыл терминал до вечера. Вечером рынок упал, я не участвовал.",0,"{'price':17500,'volatility':0.029,'fear_greed_index':44}","profit_break",0.2,0.01
2026-08-11 13:00:22,msg_0488,user_OP,"Использую индикатор ATR для установки стопа. Сегодня ATR=20, стоп на 17350 – 20 пунктов. Сработал, убыток в рамках риска.",0,"{'price':17350,'volatility':0.022,'fear_greed_index':33}","atr_stop",0.1,-0.007
2026-08-11 14:00:44,msg_0489,user_OQ,"Мой стоп-лосс на 17400. Цена дошла до 17399 и сработала. Убыток 0.5%. Не жалею. Стоп есть стоп.",0,"{'price':17399,'volatility':0.019,'fear_greed_index':35}","stop_discipline",0.1,-0.005
2026-08-11 15:00:33,msg_0490,user_OR,"Сегодня день без торговли – изучаю новую стратегию на демо-счёте. Реальный счёт не трогаю.",0,"{'price':17420,'volatility':0.013,'fear_greed_index':36}","demo_test",0.0,0.0
2026-08-12 09:10:22,msg_0491,user_OS,"Утром цена пробила уровень вниз с большим объёмом. Я продал по плану. Стоп на 17400. Профит 1.8% за два часа.",0,"{'price':17200,'volatility':0.038,'fear_greed_index':26}","breakdown",0.1,0.018
2026-08-12 10:05:55,msg_0492,user_OT,"Перед входом задаю себе вопрос: «Это сделка по системе?» Да – вхожу. Нет – не вхожу. Сегодня было «да». Профит 0.9%",0,"{'price':17450,'volatility':0.020,'fear_greed_index':39}","system_question",0.1,0.009
2026-08-12 11:00:33,msg_0493,user_OU,"После трёх убыточных сделок подряд я не меняю стратегию, просто уменьшаю лот. Лот уменьшен в 2 раза. Четвёртая сделка дала +0.5% – отыграл часть.",0,"{'price':17330,'volatility':0.028,'fear_greed_index':32}","reduce_after_losses",0.2,0.005
2026-08-12 12:00:22,msg_0494,user_OV,"Я не использую кредитное плечо выше 2х. Даже когда рынок сильно движется. Сегодня при движении 3% моя позиция без плеча дала 3% – достаточно.",0,"{'price':17700,'volatility':0.035,'fear_greed_index':62}","no_high_leverage",0.1,0.03
2026-08-12 13:00:44,msg_0495,user_OW,"Подвожу итоги месяца: +5.2%, просадка 1.5%. Всё в рамках плана. Продолжаю.",0,"{'price':17430,'volatility':0.017,'fear_greed_index':37}","month_summary",0.0,0.0
2026-08-12 14:00:33,msg_0496,user_OX,"Вижу, как рынок идёт вверх на новостях. Не покупаю – жду час. Через час оказалось, что новость уже отыграна. Я не потерял.",0,"{'price':17650,'volatility':0.048,'fear_greed_index':65}","news_skip",0.2,0.0
2026-08-12 15:00:22,msg_0497,user_OY,"Закончил день с +0.7%. Не гнался, не пересиживал. Стабильность – ключ.",0,"{'price':17400,'volatility':0.015,'fear_greed_index':36}","stable_day",0.1,0.007
2026-06-07 09:55:22,msg_0087,user_E,"Увидел, что мой аккаунт в телеграм канале «Король крипты» купил DOGE. Повторил. DOGE упал на 15% за час. Почему я доверяю незнакомцам? Пора удалить все каналы.",1,"{'price':0.12,'volatility':0.085,'fear_greed_index':45}","influencer_trade",0.9,-0.15
2026-06-07 10:40:33,msg_0088,user_F,"Торгую только то, что понимаю. Только BTC и ETH. Никаких альтов на новостях. Спокойно и предсказуемо. Месяц в плюсе 8%. Не гонюсь за сверхдоходами.",0,"{'price':17450,'volatility':0.024,'fear_greed_index':37}","circle_of_competence",0.1,0.0
2026-06-07 11:30:11,msg_0089,user_G,"Сегодня я нарушил правило «не трогать стоп-лосс». Передвинул подальше. Цена дошла до нового стопа и выбила. Потерял в 2 раза больше, чем планировал. Никогда так не делайте.",1,"{'price':16900,'volatility':0.045,'fear_greed_index':20}","stop_violation",1.0,-0.10
2026-06-07 12:20:55,msg_0090,user_H,"Решил попробовать скальпинг на 1-минутках. Пульс зашкаливает, руки трясутся. Закрыл терминал после 10 минут. Не моё. Лучше свинг-трейдинг.",0,"{'price':17420,'volatility':0.008,'fear_greed_index':34}","scalp_attempt",0.5,0.0
2026-06-07 13:05:44,msg_0091,user_I,"Вошёл по VWAP на пробой. Стоп за 2 ATR. Цена сходила к стопу, не задела, и развернулась в мою сторону. Получил +6% за день. Риск-менеджмент работает.",0,"{'price':17700,'volatility':0.030,'fear_greed_index':52}","vwap_trade",0.2,0.06
2026-06-07 13:50:22,msg_0092,user_J,"Психолог посоветовал делать перерыв каждые 2 часа. Сегодня сделал – вышел погулять. Вернулся, увидел, что мой стоп не сработал из-за проскальзывания, но я спокойно его поправил. Без перерыва я бы запаниковал.",0,"{'price':17460,'volatility':0.021,'fear_greed_index':36}","break_habit",0.3,0.0
2026-06-07 14:35:00,msg_0093,user_K,"Цена пробила поддержку, я продал. Потом цена тут же вернулась обратно. Я снова купил. Так 5 раз за час. В итоге потерял на комиссиях 3% и выдохся. Флэт – моя слабость.",1,"{'price':17300,'volatility':0.009,'fear_greed_index':30}","whipsaw",0.7,-0.03
2026-06-07 15:25:33,msg_0094,user_L,"После трёх месяцев убытков я нанял ментора. Первое, что он сказал: «Убери кредитное плечо». Убрал. Теперь торгую только на споте. Прибыль маленькая, но стабильная. Спать стал лучше.",0,"{'price':17400,'volatility':0.019,'fear_greed_index':35}","mentor_advice",0.2,0.0
2026-06-07 16:10:44,msg_0095,user_M,"Правило: не торговать в пятницу вечером. Сегодня пятница, 16:10, я закрыл все позиции и ушёл пить чай. Посмотрю на результат в понедельник. Никакого ночного стресса.",0,"{'price':17480,'volatility':0.022,'fear_greed_index':38}","weekend_off",0.1,0.0
2026-06-07 17:00:00,msg_0096,user_N,"Я торгую с помощью объёмного профиля. Сегодня был уровень контроля – купил, сработал стоп на 1 тик ниже. Потом цена улетела на 3% вверх. Это рынок, так бывает. Не жалею, что следовал плану.",0,"{'price':17500,'volatility':0.027,'fear_greed_index':41}","volume_profile",0.3,0.0
2026-06-08 09:05:33,msg_0097,user_O,"Проснулся в 5 утра чтобы торговать азиатскую сессию. Спросонья перепутал buy и sell. Купил вместо продажи. Цена пошла вниз. Закрыл с убытком. Спать надо, а не торговать.",1,"{'price':17200,'volatility':0.025,'fear_greed_index':26}","fat_finger",0.5,-0.04
2026-06-08 09:45:22,msg_0098,user_P,"Вложил 90% депозита в один актив, потому что «вот это надёжно». Актив упал на 5% за день. Теперь не могу уснуть. Диверсификация – не просто слова.",1,"{'price':16900,'volatility':0.040,'fear_greed_index':21}","overconcentration",0.8,-0.045
2026-06-08 10:30:55,msg_0099,user_Q,"Поставил себе цель: в день зарабатывать 0.5%. Если наторговал раньше – прекращаю. Сегодня за 10 минут сделал 0.6% и закрыл терминал. Соблазн продолжить был, но я победил.",0,"{'price':17450,'volatility':0.014,'fear_greed_index':34}","daily_target",0.3,0.006
2026-06-08 11:15:11,msg_0100,user_R,"Терминал показывает -12% за неделю. Я не закрываю, а иду анализировать свои действия. Понял, что торговал против тренда. На следующей неделе только по тренду. Ошибка исправлена.",1,"{'price':17100,'volatility':0.048,'fear_greed_index':19}","post_loss_analysis",0.9,-0.12
2026-06-08 12:00:11,msg_0101,user_S,"Вижу резкое падение на 2%. Рука тянется продать, но стопы не сработали. Вспоминаю план: держать до 17000. Сейчас 17250. Закрываю терминал и иду пить кофе. Пусть рынок шумит.",0,"{'price':17250,'volatility':0.031,'fear_greed_index':20}","hold",0.1,0.0
2026-06-08 12:25:33,msg_0102,user_T,"Появился сигнал на покупку, но объём низкий, перед важными новостями. Решил пропустить. Новости вышли нейтральные, цена сходила вверх на 1% и обратно. Я ничего не потерял.",0,"{'price':17380,'volatility':0.019,'fear_greed_index':34}","skip_news",0.2,0.0
2026-06-08 13:00:00,msg_0103,user_U,"Утром был в плюсе 3%, но не закрыл, потому что цель была 5%. Сейчас плюс 1%. Не жалею – цель не достигнута, держу дальше. Эмоции не мешают.",0,"{'price':17620,'volatility':0.022,'fear_greed_index':42}","hold_target",0.3,0.01
2026-06-08 13:45:22,msg_0104,user_V,"Мой коллега заработал 20% за день на мемах. Я не завидую, потому что моя стратегия консервативна. У меня +2% за неделю, без стресса. Сплю спокойно.",0,"{'price':17400,'volatility':0.038,'fear_greed_index':48}","no_fomo",0.1,0.0
2026-06-08 14:30:15,msg_0105,user_W,"Час назад купил по сигналу RSI. Сейчас цена пошла против меня на 0.8%. Стоп на 1%. Спокойно жду. Если выбьет – убыток в рамках риска.",0,"{'price':17320,'volatility':0.015,'fear_greed_index':29}","stop_planned",0.2,-0.008
2026-06-08 15:15:44,msg_0106,user_X,"Сегодня отличный день: три сделки по плану, все закрыты с небольшим плюсом. Не гнался за большим, не пересиживал. Итог +1.2% к депозиту.",0,"{'price':17450,'volatility':0.017,'fear_greed_index':35}","discipline_win",0.1,0.012
2026-06-08 16:00:00,msg_0107,user_Y,"Проснулся от того, что цена пробила уровень. Не вскочил к терминалу, а спокойно оценил: пробой на низком объёме – ложный. Остался в кэше. Через час цена вернулась.",0,"{'price':17300,'volatility':0.024,'fear_greed_index':32}","no_fakeout",0.2,0.0
2026-06-08 16:45:33,msg_0108,user_Z,"Многие паникуют, а я потихоньку набираю позицию через лимитники на уровнях поддержки. Не спеша, по 10% депозита. Психологически комфортно.",0,"{'price':17150,'volatility':0.029,'fear_greed_index':18}","scaling_patience",0.2,0.0
2026-06-08 17:30:22,msg_0109,user_AA,"Закончил торговую сессию в 17:00 по правилу. Сейчас рынок упал на 1.5% после 17. Я мог бы быть в этой просадке, но меня нет. Правило сработало.",0,"{'price':17280,'volatility':0.026,'fear_greed_index':27}","time_rule_save",0.1,0.0
2026-06-09 09:10:05,msg_0110,user_AB,"Увидел новость о хакерской атаке. Первая мысль – продать всё. Но новость непроверенная. Подождал 15 минут – оказалось фейк. Рынок отыграл. Сдержанность спасла.",0,"{'price':17400,'volatility':0.045,'fear_greed_index':25}","wait_for_confirmation",0.1,0.0
2026-06-09 09:50:44,msg_0111,user_AC,"Мой стоп сработал на 17100, и я вышел с убытком 1%. Сразу после этого цена упала до 16900. Я мог бы перенести стоп и потерять 3%, но не стал. Горжусь собой.",0,"{'price':17100,'volatility':0.033,'fear_greed_index':16}","stop_honored",0.2,-0.01
2026-06-09 10:35:19,msg_0112,user_AD,"Вчерашняя прибыль +3% не вскружила голову. Сегодня торгую тем же объёмом, не увеличиваю. Осторожность – залог долгой жизни.",0,"{'price':17500,'volatility':0.020,'fear_greed_index':38}","no_overconfidence",0.1,0.0
2026-06-09 11:20:33,msg_0113,user_AE,"Сигнал на шорт, но перед этим три убыточные сделки подряд. Сделал перерыв на час, проверил настройки. Вернулся – сигнал всё ещё актуален. Вошёл половиной лота. Сработало.",0,"{'price':17360,'volatility':0.018,'fear_greed_index':30}","pause_before_trade",0.2,0.005
2026-06-09 12:15:00,msg_0114,user_AF,"Индикатор показывает перекупленность. Не шорчу, потому что тренд сильный. Просто не вхожу. Лучше пропустить, чем ловить вершину.",0,"{'price':17800,'volatility':0.028,'fear_greed_index':68}","avoid_fighting_trend",0.1,0.0
2026-06-09 13:00:44,msg_0115,user_AG,"Сегодня у меня дисциплинарный день: ни одной сделки, только наблюдение и ведение журнала. Рынок был пилой – я сэкономил на комиссиях и нервах.",0,"{'price':17420,'volatility':0.035,'fear_greed_index':37}","observation_day",0.0,0.0
2026-06-09 13:45:22,msg_0116,user_AH,"Закрыл половину позиции, потому что цель выполнена. Вторую половину держу с трейлинг-стопом. Ни жадности, ни страха – просто план.",0,"{'price':17650,'volatility':0.021,'fear_greed_index':45}","partial_profit",0.1,0.025
2026-06-09 14:30:11,msg_0117,user_AI,"Прочитал свой старый дневник: «не усредняй убыток». Сегодня соблазн был, но вспомнил и не стал. Цена упала ещё на 3% без меня. Спас себя.",0,"{'price':16800,'volatility':0.050,'fear_greed_index':12}","avoid_averaging",0.2,0.0
2026-06-09 15:15:55,msg_0118,user_AJ,"Липкая лента – моя слабость. Сегодня решил вообще не торговать в период низкой волатильности. Пошёл заниматься спортом. Вернулся – рынок сделал движение, которое я бы точно потерял.",0,"{'price':17390,'volatility':0.008,'fear_greed_index':31}","avoid_chop",0.1,0.0
2026-06-09 16:00:33,msg_0119,user_AK,"Поставил лимит на покупку по 17000. Цена дошла до 17005 и ушла. Я не стал гнаться, поднял лимит на 17010. Сработало, цена пошла вверх. Спокойствие и гибкость.",0,"{'price':17010,'volatility':0.027,'fear_greed_index':19}","limit_patience",0.2,0.01
2026-06-09 16:45:22,msg_0120,user_AL,"Друг хвастается прибылью на опционах. Я улыбаюсь и продолжаю торговать по своей стратегии с плечом 1:1. Каждый своё.",0,"{'price':17450,'volatility':0.025,'fear_greed_index':36}","comparison_ignore",0.1,0.0
2026-06-09 17:30:00,msg_0121,user_AM,"Мой алгоритм дал сигнал на вход, но я физически устал. Решил пропустить – здоровье важнее. Потом сигнал сработал бы, но я не жалею. Отдых тоже часть торговли.",0,"{'price':17520,'volatility':0.019,'fear_greed_index':40}","health_first",0.1,0.0
2026-06-10 09:05:44,msg_0122,user_AN,"Вчера был минус 1%. Не стал отыгрываться, сегодня начал с чистого листа. Утром спокойно взял +0.8% и закрыл ноутбук. Всё по плану.",0,"{'price':17300,'volatility':0.016,'fear_greed_index':28}","no_revenge",0.2,0.008
2026-06-10 09:50:33,msg_0123,user_AO,"Открыл позицию, через 5 минут цена пошла против на 0.5%. Стоп на 1%. Не паникую, не двигаю стоп. Либо сработает, либо развернётся. Развернулась, закрыл в +1.2%.",0,"{'price':17400,'volatility':0.020,'fear_greed_index':33}","trust_stop",0.2,0.012
2026-06-10 10:35:22,msg_0124,user_AP,"В чатах кричат «луна», «все в лонг». Я посмотрел на фьючерсную ставку – перекос. Открыл небольшой шорт с чётким стопом. Страх толпы – мой ориентир.",0,"{'price':17900,'volatility':0.042,'fear_greed_index':88}","contrarian_small",0.3,0.0
2026-06-10 11:20:11,msg_0125,user_AQ,"Уровень поддержки 17100, цена подходит. Ставлю лимитник на 17150 (чуть выше) на случай отскока. Не гонюсь за точным дном. Липка не для меня.",0,"{'price':17150,'volatility':0.026,'fear_greed_index':21}","safety_limit",0.1,0.005
2026-06-10 12:05:55,msg_0126,user_AR,"Сегодня у меня zero day – ни одной сделки, потому что не было чёткого сигнала. В прошлом я бы зашёл от скуки, сейчас научился терпеть.",0,"{'price':17410,'volatility':0.013,'fear_greed_index':32}","patience_zero",0.0,0.0
2026-06-10 13:00:33,msg_0127,user_AS,"Торгую от уровня + объём. Дождался подтверждения, вошёл, стоп за уровень. Профит 2%. Без нервов, потому что вход был не гаданием, а фактом.",0,"{'price':17680,'volatility':0.022,'fear_greed_index':49}","volume_confirmation",0.1,0.02
2026-06-10 13:45:22,msg_0128,user_AT,"Увидел, что моя позиция в плюсе 8%, но цель была 10%. Не закрыл – цена ушла в 5%. Всё равно не жалею: цель не достигнута, значит держу. Система важнее сиюминутной прибыли.",0,"{'price':17750,'volatility':0.028,'fear_greed_index':55}","hold_for_target",0.2,0.05
2026-06-10 14:30:44,msg_0129,user_AU,"Выиграл 3 сделки подряд. По правилам, после трёх побед – день отдыха. Закрыл терминал, пошёл гулять. Завтра продолжу. Предотвратил перехай.",0,"{'price':17450,'volatility':0.019,'fear_greed_index':38}","win_streak_rest",0.1,0.0
2026-06-10 15:15:33,msg_0130,user_AV,"Рынок гэпнул вверх на открытии. Я не стал покупать на гэпе, потому что статистика говорит: 70% гэпов закрываются. Дождался отката и вошёл. Сработало.",0,"{'price':17500,'volatility':0.033,'fear_greed_index':51}","gap_wait",0.2,0.015
2026-06-10 16:00:22,msg_0131,user_AW,"У меня есть правило: не добавляться к убытку. Сегодня была сильная просадка, очень хотелось усредниться. Взял паузу на 5 минут, перечитал правила. Не добавился. Цена развернулась без меня, убыток остался маленьким.",0,"{'price':16950,'volatility':0.048,'fear_greed_index':14}","no_averaging_win",0.3,-0.02
2026-06-10 16:45:55,msg_0132,user_AX,"Я торгую только по отложенным ордерам. Это полностью убирает эмоцию входа. Сегодня сработало 3 лимитника, все в плюс. Спокойно.",0,"{'price':17380,'volatility':0.018,'fear_greed_index':34}","limit_only",0.1,0.018
2026-06-10 17:30:11,msg_0133,user_AY,"Закончил день с убытком 0.5%. Это в рамках допустимого. Не пытаюсь отбить, просто закрываю журнал. Завтра новый день.",0,"{'price':17300,'volatility':0.024,'fear_greed_index':30}","accept_loss",0.2,-0.005
2026-06-11 09:10:00,msg_0134,user_AZ,"Перед входом спрашиваю себя: «Я трейдер или игрок?» Если ответ «трейдер» – проверяю стоп и цель. Сегодня ответил «трейдер», вошёл, всё чётко.",0,"{'price':17420,'volatility':0.016,'fear_greed_index':33}","self_check",0.1,0.007
2026-06-11 09:50:33,msg_0135,user_BA,"Вижу сильное движение, но оно уже прошло 70% от моей предполагаемой цели. Не вхожу – риск/прибыль невыгодные. Лучше пропустить, чем поймать хвост.",0,"{'price':17900,'volatility':0.036,'fear_greed_index':72}","skip_late_entry",0.1,0.0
2026-06-11 10:35:22,msg_0136,user_BB,"Сегодня я намеренно уменьшил размер позиции в 2 раза после двух убыточных дней. Это не трусость, это риск-менеджмент. Месяц длинный.",0,"{'price':17250,'volatility':0.027,'fear_greed_index':24}","position_sizing",0.1,-0.002
2026-06-11 11:20:44,msg_0137,user_BC,"Новость вышла позитивная, но цена не отреагировала. Я не покупаю – жду реакцию толпы. Через час цена упала на 2% – «buy the rumour, sell the news». Остался в кэше.",0,"{'price':17600,'volatility':0.041,'fear_greed_index':60}","news_rule",0.2,0.0
2026-06-11 12:05:55,msg_0138,user_BD,"Мои стопы сработали дважды подряд по ложным пробоям. Не выключаю стопы, просто уменьшаю лот. Стопы – моя страховка, даже если иногда болит.",0,"{'price':17350,'volatility':0.030,'fear_greed_index':30}","keep_stops",0.2,-0.01
2026-06-11 13:00:33,msg_0139,user_BE,"Понедельник – традиционно мой выходной от трейдинга. Никаких сделок, только анализ. Избавляет от «понедельничного тильта»",0,"{'price':17400,'volatility':0.019,'fear_greed_index':34}","monday_off",0.0,0.0
2026-06-11 13:45:22,msg_0140,user_BF,"Поймал движение 4%, закрыл по тейку. Потом цена выросла ещё на 2%. Мог бы держать, но моя стратегия на 4%. Не жалею – зелёный день есть зелёный день.",0,"{'price':17800,'volatility':0.025,'fear_greed_index':57}","take_profit_rule",0.1,0.04
2026-06-11 14:30:11,msg_0141,user_BG,"Перед сделкой записал свои ожидания на бумаге: «Если цена пойдёт против, я закрою на 0.5%». Так и случилось, закрыл без колебаний. Журнал помогает.",0,"{'price':17320,'volatility':0.022,'fear_greed_index':29}","written_plan",0.2,-0.005
2026-06-11 15:15:44,msg_0142,user_BH,"Сегодня нет ни одного сигнала. Вместо того чтобы искать искусственно, почистил графики и занялся обучением. Лучший трейд – тот, которого не было.",0,"{'price':17430,'volatility':0.012,'fear_greed_index':33}","no_trade_day",0.0,0.0
2026-06-11 16:00:22,msg_0143,user_BI,"Я перестал смотреть на P&L во время сделки. Просто слежу за уровнями и стопами. Психологическая нагрузка снизилась в разы.",0,"{'price':17450,'volatility':0.017,'fear_greed_index':35}","ignore_pnl",0.1,0.0
2026-06-11 16:45:33,msg_0144,user_BJ,"После просадки 5% за неделю я не лезу в рынок с мыслью «отыграться», а провожу аудит всех сделок. Нашёл три ошибки. Исцеление через анализ.",0,"{'price':17000,'volatility':0.040,'fear_greed_index':18}","audit_after_loss",0.2,-0.05
2026-06-11 17:30:00,msg_0145,user_BK,"Волатильность упала до минимума, спред вырос. Я вообще не торгую в таких условиях. Деньги лучше лежат на счёте, чем в спреде.",0,"{'price':17400,'volatility':0.007,'fear_greed_index':30}","avoid_low_vol",0.1,0.0
2026-06-12 09:05:33,msg_0146,user_BL,"Купил по паттерну «флаг». Стоп на 0.8%. Цена выбила стоп на 1 тик и улетела вверх. Я не жалею – стоп был на правильном месте. Лучше маленький убыток, чем большой.",0,"{'price':17380,'volatility':0.024,'fear_greed_index':34}","stop_hit_no_regret",0.2,-0.008
2026-06-12 09:50:22,msg_0147,user_BM,"Многие переворачиваются в шорт на откате. Я же просто выхожу в кэш и жду. Никогда не переворачиваюсь в пылу. Статистика говорит: после переворота чаще убыток.",0,"{'price':17420,'volatility':0.019,'fear_greed_index':36}","no_reversal",0.1,0.0
2026-06-12 10:35:11,msg_0148,user_BN,"Сегодня был идеальный день для моей системы: сигнал, вход, стоп не тронут, тейк сработал. Всё чётко, без эмоций. Система работает.",0,"{'price':17700,'volatility':0.020,'fear_greed_index':44}","system_win",0.1,0.03
2026-06-12 11:20:55,msg_0149,user_BO,"Я не смотрю на чужие сделки, не читаю «сигналы» в телеге. Только свои графики и свой план. Шум отфильтрован.",0,"{'price':17410,'volatility':0.018,'fear_greed_index':34}","no_signal_noise",0.0,0.0
2026-06-12 12:05:33,msg_0150,user_BP,"Сегодня легко мог бы нарушить правило «не торговать перед ФРС», но остался в кэше. После решения ФРС был резкий размах в 3% туда-сюда, я бы потерял. Спасибо дисциплине.",0,"{'price':17350,'volatility':0.055,'fear_greed_index':39}","avoid_fomc",0.2,0.0
2026-06-12 13:00:00,msg_0151,user_BQ,"Утром цена пробила мой уровень входа, но я не погнался. Дождался повторного теста с подтверждённым объёмом – вошёл. Профит 1.5%",0,"{'price':17600,'volatility':0.023,'fear_greed_index':48}","retest_entry",0.2,0.015
2026-06-12 13:45:22,msg_0152,user_BR,"Сделал перерыв на обед, во время которого рынок резко упал. Мои стопы стояли – сработали. Я спокойно поел, вернулся и увидел минус 0.8%. Принял, не дергался.",0,"{'price':17100,'volatility':0.041,'fear_greed_index':22}","stop_loss_accept",0.1,-0.008
2026-06-12 14:30:44,msg_0153,user_BS,"Три человека в чате написали «крипта помрёт». Я не продал. Моя стратегия фундаментальна, а не паническая. Через неделю цена выросла на 10%.",0,"{'price':16000,'volatility':0.060,'fear_greed_index':9}","ignore_fud",0.1,0.0
2026-06-12 15:15:33,msg_0154,user_BT,"Рынок сделал новый хай, а у меня руки чесались продать. Но моя стратегия – следовать тренду, не ловить вершины. Остался в позиции. Профит вырос ещё на 3%.",0,"{'price':18200,'volatility':0.035,'fear_greed_index':85}","trend_follow",0.3,0.03
2026-06-12 16:00:22,msg_0155,user_BU,"Сегодня я не торговал, потому что не выспался. Усталость и трейдинг несовместимы. Правильное решение, рынок был агрессивным.",0,"{'price':17420,'volatility':0.027,'fear_greed_index':37}","tired_no_trade",0.0,0.0
2026-06-12 16:45:55,msg_0156,user_BV,"Закончил день в плюс 0.6%. Небольшая прибыль, но я не пересиживал, не жадничал. Таких дней будет много – капитал растёт.",0,"{'price':17450,'volatility':0.015,'fear_greed_index':36}","small_green",0.1,0.006
2026-06-12 17:30:11,msg_0157,user_BW,"Сигнал на покупку, но в это время у меня важная встреча. Я пропустил сигнал. Не жалко, работа важнее. Рынок не убежит.",0,"{'price':17480,'volatility':0.020,'fear_greed_index':39}","life_first",0.0,0.0
2026-06-13 09:10:33,msg_0158,user_BX,"Пересмотрел свои проигрышные сделки за месяц и понял: все ошибки были в зоне новостей. Теперь в новостные окна не торгую совсем.",0,"{'price':17350,'volatility':0.033,'fear_greed_index':32}","news_blackout",0.1,0.0
2026-06-13 09:55:22,msg_0159,user_BY,"Сегодня я сделал всего одну сделку, по чёткому сигналу, и закрыл терминал. Качество, не количество. Одна сделка в плюс лучше десяти в нервотрёпку.",0,"{'price':17520,'volatility':0.018,'fear_greed_index':41}","quality_over_quantity",0.1,0.01
2026-06-13 10:40:11,msg_0160,user_BZ,"Подумал купить альт на хайпе, но вспомнил правило: «не торгую то, что не понимаю». Не купил, альт рухнул на 20% через час. Спас себя.",0,"{'price':0.45,'volatility':0.090,'fear_greed_index':55}","stay_in_circle",0.1,0.0
2026-06-13 11:25:44,msg_0161,user_CA,"Цена подошла к моему стопу, я взял паузу на 2 минуты, выдохнул и не стал его двигать. Стоп сработал, убыток 0.7%. Но я не усилил потери.",0,"{'price':17200,'volatility':0.029,'fear_greed_index':25}","resist_move_stop",0.2,-0.007
2026-06-13 12:10:33,msg_0162,user_CB,"В порыве «всё пропало» хотел закрыть все позиции. Но потом посмотрел на недельный график – тренд вверх. Оставил. Через день откат закончился, я в плюсе.",0,"{'price':17000,'volatility':0.050,'fear_greed_index':16}","look_big_picture",0.3,0.0
2026-06-13 13:00:22,msg_0163,user_CC,"После убыточной сделки я не открыл следующую сразу, а сделал 10 отжиманий. Физическая активность сбила эмоции. Следующая сделка была прибыльной.",0,"{'price':17400,'volatility':0.022,'fear_greed_index':33}","physical_reset",0.1,0.009
2026-06-13 13:45:11,msg_0164,user_CD,"Я не пользуюсь кредитным плечом выше 2х. Даже когда все кричат «бери х10». Спокойно, без риска ликвидации. Сон дороже.",0,"{'price':17450,'volatility':0.031,'fear_greed_index':38}","low_leverage",0.1,0.0
2026-06-13 14:30:55,msg_0165,user_CE,"Мой друг спросил: «Почему ты не торгуешь сейчас?» Ответил: «Потому что нет сигнала». Он не понял. А я понял, что становлюсь профессионалом.",0,"{'price':17380,'volatility':0.017,'fear_greed_index':34}","no_signal_pro",0.0,0.0
2026-06-13 15:15:33,msg_0166,user_CF,"Сегодня я получил прибыль 2% за полчаса и тут же закрыл ноутбук. Внутри был голос «давай ещё», но я его перекричал. Доволен собой.",0,"{'price':17600,'volatility':0.024,'fear_greed_index':46}","walk_away_profit",0.2,0.02
2026-06-13 16:00:22,msg_0167,user_CG,"Несколько дней подряд рынок во флэте. Вместо того чтобы мучить себя, я взял выходные и поехал за город. Вернулся отдохнувшим, и флэт закончился.",0,"{'price':17300,'volatility':0.011,'fear_greed_index':30}","vacation_from_market",0.0,0.0
2026-06-13 16:45:44,msg_0168,user_CH,"Установил ежедневный лимит убытка в 2%. Сегодня достиг его на второй сделке. Выключил терминал без сожалений. Сохранил 98% капитала.",0,"{'price':17250,'volatility':0.028,'fear_greed_index':26}","daily_loss_stop",0.1,-0.02
2026-06-13 17:30:00,msg_0169,user_CI,"Вместо того чтобы торговать, я сегодня настраивал свои индикаторы и торговый план на неделю. Подготовка – 90% успеха.",0,"{'price':17400,'volatility':0.014,'fear_greed_index':33}","preparation_day",0.0,0.0
2026-06-14 09:10:11,msg_0170,user_CJ,"Проснулся – цена упала на 5% за ночь. Мои стопы сработали, я в кэше. Не паникую, не лезу покупать «дно». Буду смотреть уровни.",0,"{'price':16600,'volatility':0.070,'fear_greed_index':11}","stop_saved",0.1,0.0
2026-06-14 09:40:33,msg_0171,user_CK,"Вижу как цена ускоряется вниз, внутри всё кипит. Не выдержал – продал с убытком 15%. Через 2 минуты цена развернулась на 10%. Опять я на дне паники.",1,"{'price':16500,'volatility':0.085,'fear_greed_index':10}","panic_sell",0.9,-0.15
2026-06-14 10:25:22,msg_0172,user_CL,"Все в чатах орут «покупай, ракета!» Я не выдержал, зашёл по рынку. Тут же -4%. Опять повелся на хайп.",1,"{'price':17800,'volatility':0.048,'fear_greed_index':78}","fomo_buy",0.8,-0.09
2026-06-14 11:15:55,msg_0173,user_CM,"Потерял 10% за день. Чтобы отыграться, открыл шорт с плечом 5х. Цена пошла против, закрыл по маржин-коллу. Потерял ещё 20%. Я в аду.",1,"{'price':17400,'volatility':0.062,'fear_greed_index':35}","revenge_trade",1.0,-0.30
2026-06-14 12:10:44,msg_0174,user_CN,"Долго ждал сигнала, но когда он пришёл – передумал. Цена улетела без меня. От злости шортнул на хаях. Поймал разворот, убыток.",1,"{'price':18000,'volatility':0.044,'fear_greed_index':82}","anger_miss",0.7,-0.06
2026-06-14 13:05:33,msg_0175,user_CO,"Усреднил убыток второй раз подряд, думая что вот-вот развернётся. Не развернулось. Потерял 25% депозита. Усреднение – лотерея.",1,"{'price':16000,'volatility':0.072,'fear_greed_index':8}","averaging_down",1.0,-0.25
2026-06-14 14:00:22,msg_0176,user_CP,"У меня было +8% по позиции, но я пожадничал и не закрыл. Цена ушла в минус 5%. Теперь ненавижу себя за жадность.",1,"{'price':17300,'volatility':0.038,'fear_greed_index':42}","greedy_hold",0.9,-0.13
2026-06-14 14:55:11,msg_0177,user_CQ,"Инфлюенсер сказал купить токен X. Я купил на всё. Токен упал на 30% за час. Удалил телеграм, но поздно.",1,"{'price':0.02,'volatility':0.120,'fear_greed_index':65}","copy_influencer",0.8,-0.30
2026-06-14 15:50:33,msg_0178,user_CR,"Рынок стоял на месте, мне стало скучно. Открыл сделку ради адреналина – сразу минус 2%. Скука – плохой советчик.",1,"{'price':17350,'volatility':0.009,'fear_greed_index':31}","boredom_trade",0.6,-0.02
2026-06-14 16:45:22,msg_0179,user_CS,"Увидел зелёную свечу 3% за 5 минут, влетел по рынку на максимум. Свеча закрылась красной, я в минусе. Типичный закуп вершин.",1,"{'price':17900,'volatility':0.045,'fear_greed_index':75}","top_fomo",0.7,-0.05
2026-06-14 17:30:44,msg_0180,user_CT,"Перенёс стоп-лосс ниже, чтобы не выбило. Выбило на новом уровне. Потерял в 2 раза больше. Дурак.",1,"{'price':16800,'volatility':0.055,'fear_greed_index':15}","moving_stop_loss",1.0,-0.12
2026-06-15 09:05:33,msg_0181,user_CU,"После вчерашнего убытка решил «отыграться» на одной сделке. Поставил 50% депозита. Цена против – потерял ещё 20% депозита. Хватит.",1,"{'price':17200,'volatility':0.049,'fear_greed_index':27}","martingale_revenge",1.0,-0.20
2026-06-15 09:50:22,msg_0182,user_CV,"Проснулся и увидел +5% ночью. От злости, что я спал, открыл лонг на всю котлету – цена упала на 4% за 10 минут.",1,"{'price':18300,'volatility':0.058,'fear_greed_index':90}","sleep_fomo",0.8,-0.09
2026-06-15 10:40:11,msg_0183,user_CW,"Мой знакомый трейдер показал прибыль +50% за неделю. Я полез в рискованные активы, потерял 15%. Сравнение – вор радости.",1,"{'price':17400,'volatility':0.062,'fear_greed_index':44}","comparison_trade",0.7,-0.15
2026-06-15 11:30:55,msg_0184,user_CX,"Долго держал убыток, надеясь на разворот. В итоге закрыл на минус 30%, когда мог на минус 10% три дня назад. Надежда убила.",1,"{'price':15500,'volatility':0.080,'fear_greed_index':7}","hope_hold",1.0,-0.30
2026-06-15 12:25:33,msg_0185,user_CY,"Увидел, что мой любимый крипто-блогер купил, повторил не глядя. -8% за час. Сколько можно?",1,"{'price':0.55,'volatility':0.110,'fear_greed_index':58}","blind_copy",0.9,-0.08
2026-06-15 13:20:22,msg_0186,user_CZ,"В порыве уверенности после трёх побед увеличил лот в 5 раз. Тут же проиграл всё, что заработал за неделю. Перехай.",1,"{'price':17650,'volatility':0.028,'fear_greed_index':52}","overconfidence_big",0.9,-0.10
2026-06-15 14:15:11,msg_0187,user_DA,"Не поставил стоп-лосс, потому что «уверен в движении». Движение развернулось, потерял 15%. Стопы нужны всегда.",1,"{'price':16900,'volatility':0.052,'fear_greed_index':19}","no_stop",1.0,-0.15
2026-06-15 15:10:33,msg_0188,user_DB,"Рынок резко упал, я продал всё от страха. Тут же отскок на 5%. Я остался без позиции и в минусе от страха.",1,"{'price':16100,'volatility':0.075,'fear_greed_index':9}","fear_sell",0.8,-0.07
2026-06-15 16:05:22,msg_0189,user_DC,"Вошёл в позицию, потому что «все в шорте, значит я в лонг». Без анализа. Рынок продолжил падать. Моя логика была ошибочной.",1,"{'price':16200,'volatility':0.068,'fear_greed_index':10}","blind_contrarian",0.7,-0.10
2026-06-15 17:00:11,msg_0190,user_DD,"Забыл про комиссии и спред при скальпинге. Сделал 20 сделок, каждая с мизерным плюсом, но комиссии съели всё. Итог минус. Не считал издержки.",1,"{'price':17380,'volatility':0.014,'fear_greed_index':35}","ignore_fees",0.5,-0.02
2026-06-16 09:10:33,msg_0191,user_DE,"Купил новость про партнёрство. Оказалось, новость была в цене уже неделю. Цена упала. Я купил на хаях.",1,"{'price':18500,'volatility':0.055,'fear_greed_index':88}","news_buy_high",0.8,-0.12
2026-06-16 09:55:22,msg_0192,user_DF,"Сигнал был на шорт, но я решил подождать «лучшей цены». Цена улетела на 3% вниз без меня. От досады купил, думая что отскочит. Не отскочило.",1,"{'price':17100,'volatility':0.043,'fear_greed_index':23}","missed_entry_frustration",0.7,-0.04
2026-06-16 10:45:11,msg_0193,user_DG,"Торговал в плохом настроении после ссоры. Каждая потеря злила ещё больше. В итоге слил 8% депозита. Эмоции вне рынка важны.",1,"{'price':17350,'volatility':0.026,'fear_greed_index':34}","emotional_state",0.9,-0.08
2026-06-16 11:40:55,msg_0194,user_DH,"Открыл сделку на 100% депозита потому что «ну вот оно!» Тут же -6%. Ликвидация близко. Зачем я так рискнул?",1,"{'price':17500,'volatility':0.039,'fear_greed_index':47}","all_in_fomo",1.0,-0.14
2026-06-16 12:35:33,msg_0195,user_DI,"Читал форум и наткнулся на «сигнал от эксперта». Поверил, купил. Эксперт оказался ботом. -10%.",1,"{'price':0.08,'volatility':0.095,'fear_greed_index':42}","forum_signal",0.7,-0.10
2026-06-16 13:30:22,msg_0196,user_DJ,"Пытался поймать нож в падающем рынке. Добавлялся три раза. Нож оказался мечом – потерял 25%.",1,"{'price':15800,'volatility':0.092,'fear_greed_index':6}","catching_knife",1.0,-0.25
2026-06-16 14:25:11,msg_0197,user_DK,"Не выставил тейк-профит, думал «будет выше». Цена развернулась и выбила в ноль. Прибыль 8% превратилась в 0%. Бесплатный урок.",1,"{'price':17600,'volatility':0.035,'fear_greed_index':53}","no_take_profit",0.6,0.0
2026-06-16 15:20:33,msg_0198,user_DL,"Увидел, как коллега закрыл сделку в +20%, и с досады открыл такую же, но уже на откате. Цена пошла против. Не надо завидовать.",1,"{'price':17800,'volatility':0.042,'fear_greed_index':63}","envy_trade",0.8,-0.07
2026-06-16 16:15:22,msg_0199,user_DM,"Правило говорит «не торговать в пятницу», но я решил, что я особенный. Потерял 3% за 10 минут. Нет, я не особенный.",1,"{'price':17320,'volatility':0.029,'fear_greed_index':36}","break_own_rule",0.7,-0.03
2026-06-16 17:10:00,msg_0200,user_DN,"Сидел в сделке с убытком 2% и верил в разворот. Разворота не было. Досидел до -10% и закрыл. Вера без плана – самообман.",1,"{'price':16500,'volatility':0.061,'fear_greed_index':14}","blind_faith",1.0,-0.10
2026-06-17 09:00:00,msg_0201,user_DO,"Перед открытием рынка я уже знаю свои уровни. Никаких сюрпризов. Жду пробоя 17400 с объёмом, иначе не вхожу.",0,"{'price':17380,'volatility':0.016,'fear_greed_index':32}","plan_ready",0.0,0.0
2026-06-17 09:30:22,msg_0202,user_DP,"Открыл терминал, увидел -1% по ночной позиции. Проверил стоп – стоит. Всё по плану. Иду пить кофе.",0,"{'price':17320,'volatility':0.019,'fear_greed_index':30}","check_stop",0.1,-0.01
2026-06-17 10:15:44,msg_0203,user_DQ,"Кто-то в чате написал «сливайте всё, будет обвал». Я посмотрел на график: никакого аномального объёма. Проигнорировал. Рынок стоял на месте.",0,"{'price':17350,'volatility':0.012,'fear_greed_index':31}","ignore_fud",0.1,0.0
2026-06-17 11:00:33,msg_0204,user_DR,"Мой сигнал на покупку активировался, но я не тороплюсь. Проверяю старшие таймфреймы – они против. Пропускаю. Система важнее импульса.",0,"{'price':17410,'volatility':0.014,'fear_greed_index':34}","check_htf",0.2,0.0
2026-06-17 11:45:11,msg_0205,user_DS,"Вчерашняя прибыль +2% не изменила мой размер позиции сегодня. Торгую тем же объёмом. Без эйфории.",0,"{'price':17450,'volatility':0.018,'fear_greed_index':36}","steady_size",0.1,0.0
2026-06-17 12:30:55,msg_0206,user_DT,"Получил убыток 0.8% на первой сделке. Не открываю вторую сразу, делаю 5-минутную паузу и перепроверяю настройки. Вторая сделка дала +1.2%.",0,"{'price':17380,'volatility':0.022,'fear_greed_index':33}","pause_after_loss",0.2,0.012
2026-06-17 13:20:33,msg_0207,user_DU,"Рынок делает свечу на 2% вверх. У меня нет позиции, но я не догоняю. Жду отката к поддержке. Вернулся через час – купил на откате.",0,"{'price':17500,'volatility':0.027,'fear_greed_index':42}","wait_pullback",0.2,0.008
2026-06-17 14:15:22,msg_0208,user_DV,"Сегодня я торгую только отложенными ордерами. Ни одного рыночного входа. Это снизило количество спонтанных сделок на 90%.",0,"{'price':17390,'volatility':0.015,'fear_greed_index':34}","limit_only",0.1,0.0
2026-06-17 15:00:44,msg_0209,user_DW,"Мой стоп сработал, я вышел в ноль. Через 10 минут цена пошла в мою сторону. Никакого сожаления – стоп был на правильном уровне.",0,"{'price':17420,'volatility':0.020,'fear_greed_index':35}","stop_ok",0.1,0.0
2026-06-17 15:50:11,msg_0210,user_DX,"Торгую уже 3 часа, устал. По правилу «устал – закрывай терминал» – выключил всё. Рынок потом скакнул, но я не жалею.",0,"{'price':17460,'volatility':0.023,'fear_greed_index':37}","fatigue_stop",0.1,0.0
2026-06-17 16:40:33,msg_0211,user_DY,"Закончил день с мелкими убытками (-0.4%). Не пытаюсь отыграться, просто закрываю журнал. Дисциплина – это не только победы.",0,"{'price':17330,'volatility':0.019,'fear_greed_index':32}","accept_small_loss",0.2,-0.004
2026-06-18 09:10:22,msg_0212,user_DZ,"Поставил ежедневный лимит на 3 сделки. Сегодня сделал 3, все по плану. Дальше не торгую, даже если вижу хороший сигнал. Лимит есть лимит.",0,"{'price':17400,'volatility':0.014,'fear_greed_index':33}","daily_trade_limit",0.1,0.005
2026-06-18 09:55:44,msg_0213,user_EA,"Цена подошла к зоне сопротивления. Я не шорчу, а просто убираю buy-лимитники. Лучше пропустить возможный разворот, чем ловить нож.",0,"{'price':17800,'volatility':0.028,'fear_greed_index':55}","avoid_short",0.1,0.0
2026-06-18 10:45:33,msg_0214,user_EB,"Мой друг потерял 20% за день и звонит в панике. Я слушаю, но не даю советов. Каждый торгует сам. Продолжаю следовать своему плану.",0,"{'price':17350,'volatility':0.025,'fear_greed_index':34}","no_advice_giving",0.2,0.0
2026-06-18 11:30:11,msg_0215,user_EC,"Вижу сигнал на покупку, но объёмы низкие, перед выходными. Пропускаю. В понедельник подтверждение – войду. Спокойствие.",0,"{'price':17380,'volatility':0.012,'fear_greed_index':32}","weekend_avoid",0.2,0.0
2026-06-18 12:20:55,msg_0216,user_ED,"Сегодня у меня день без графиков. Только чтение книг по трейдингу. Иногда отдых от экрана полезнее сделок.",0,"{'price':17410,'volatility':0.011,'fear_greed_index':34}","study_day",0.0,0.0
2026-06-18 13:15:33,msg_0217,user_EE,"Уровень 17200 держится вторую неделю. Я купил небольшую позицию у этого уровня со стопом чуть ниже. Риск 0.5% депозита. Сплю спокойно.",0,"{'price':17220,'volatility':0.018,'fear_greed_index':28}","support_buy",0.2,0.0
2026-06-18 14:00:44,msg_0218,user_EF,"Я выставляю все ордера на вечер перед закрытием рынка. Утром не вхожу в первые 15 минут – слишком много шума. Эта привычка спасла много нервов.",0,"{'price':17360,'volatility':0.020,'fear_greed_index':33}","avoid_open",0.1,0.0
2026-06-18 14:50:22,msg_0219,user_EG,"Тейк-профит сработал на +1.5%. Цена потом ушла ещё на 2% вверх. Не жалею – я получил то, что запланировал. Жадность осталась за бортом.",0,"{'price':17520,'volatility':0.024,'fear_greed_index':40}","take_profit_hit",0.1,0.015
2026-06-18 15:40:11,msg_0220,user_EH,"Рынок три часа стоит на месте. Вместо того чтобы мучиться, я пошёл на прогулку. Вернулся – движение началось, я свежий и готов.",0,"{'price':17400,'volatility':0.008,'fear_greed_index':34}","walk_away_chop",0.1,0.0
2026-06-18 16:30:33,msg_0221,user_EI,"После двух убыточных сделок я уменьшил размер позиции вдвое. Не из страха, а по риск-менеджменту. Убытки перестали давить.",0,"{'price':17280,'volatility':0.026,'fear_greed_index':29}","reduce_size",0.2,-0.008
2026-06-19 09:05:22,msg_0222,user_EJ,"Новость вышла позитивная, но я не покупаю на открытии. Статистика говорит: в 70% случаев цена идёт вниз после позитива на открытии. Подожду час.",0,"{'price':17600,'volatility':0.035,'fear_greed_index':62}","delay_after_news",0.2,0.0
2026-06-19 09:55:44,msg_0223,user_EK,"Нарисовалась дивергенция на часовках. Многие уже зашли, а я жду подтверждения свечой. Лучше войти позже, чем раньше и ошибиться.",0,"{'price':17450,'volatility':0.021,'fear_greed_index':37}","wait_confirmation",0.1,0.0
2026-06-19 10:45:33,msg_0224,user_EL,"Сегодня у меня всего одна сделка – на +0.8%. Закрыл и пошёл заниматься своими делами. Не нужно делать миллион сделок, чтобы заработать.",0,"{'price':17410,'volatility':0.016,'fear_greed_index':35}","one_trade_day",0.1,0.008
2026-06-19 11:30:11,msg_0225,user_EM,"Я заметил, что если перед сделкой возникает чувство «надо успеть», то это плохой сигнал. Сегодня такое было – я не вошёл. Цена пошла против возможного входа.",0,"{'price':17320,'volatility':0.019,'fear_greed_index':31}","sense_of_urgency",0.3,0.0
2026-06-19 12:20:55,msg_0226,user_EN,"Мой робот дал сигнал, но я вручную проверил – фундаментально ничего не изменилось. Робот ошибается редко, но сегодня я пропустил сделку. И правильно – сигнал был ложный.",0,"{'price':17380,'volatility':0.014,'fear_greed_index':33}","manual_override",0.2,0.0
2026-06-19 13:15:33,msg_0227,user_EO,"Поставил трейлинг-стоп на +2%. Цена прошла +3%, потом откатила до +2.1% и выбила меня. Зафиксировал 2.1%. Не жадничал – и правильно, дальше было падение до 0%.",0,"{'price':17750,'volatility':0.032,'fear_greed_index':55}","trailing_stop_win",0.2,0.021
2026-06-19 14:05:44,msg_0228,user_EP,"Перед тем как войти, я задаю себе три вопроса: «Каков риск?», «Где стоп?», «Соответствует ли это моему плану?». Если на любой ответ «нет» – не вхожу. Сегодня был ответ «нет».",0,"{'price':17420,'volatility':0.017,'fear_greed_index':34}","three_questions",0.1,0.0
2026-06-19 14:55:22,msg_0229,user_EQ,"Рынок упал на 2% за 5 минут. Все бегут продавать. Я смотрю на объёмы – они не аномальные. Это просто шум. Остаюсь в позиции.",0,"{'price':17100,'volatility':0.041,'fear_greed_index':25}","volume_check",0.3,0.0
2026-06-19 15:50:11,msg_0230,user_ER,"Сегодня я вообще не открывал график. Полный выходной от трейдинга. Перезагрузка нужна не только телу, но и мозгу.",0,"{'price':17400,'volatility':0.013,'fear_greed_index':34}","full_day_off",0.0,0.0
2026-06-20 09:10:33,msg_0231,user_ES,"Уровень сопротивления протестирован трижды. Я ставлю лимитник на пробой с подтверждением – не рыночный. Вошёл по 17550 после закрытия свечи выше. Профит.",0,"{'price':17550,'volatility':0.025,'fear_greed_index':44}","breakout_confirmation",0.1,0.018
2026-06-20 10:00:22,msg_0232,user_ET,"Мой стоп-лосс на 17100. Цена дошла до 17102 и ушла вверх. Я не двигал стоп, не переживал. Он не сработал – и отлично. Спокойствие.",0,"{'price':17102,'volatility':0.028,'fear_greed_index':27}","stop_not_touched",0.2,0.0
2026-06-20 10:55:44,msg_0233,user_EU,"Я веду таблицу своих эмоций перед каждой сделкой. Заметил, что когда эмоция «скука» – сделки убыточные. Сегодня было «скука» – не вошёл. Сэкономил.",0,"{'price':17360,'volatility':0.010,'fear_greed_index':32}","emotion_log",0.2,0.0
2026-06-20 11:45:33,msg_0234,user_EV,"Сегодня я получил +2% за час и закрыл терминал. В прошлом я бы продолжил и потерял. Теперь я знаю: после победы – отдых.",0,"{'price':17600,'volatility':0.022,'fear_greed_index':48}","stop_after_win",0.2,0.02
2026-06-20 12:35:22,msg_0235,user_EW,"Потерял 0.5% на пробое. Не стал искать виноватых или систему менять. Рынок случайен. Завтра новая попытка.",0,"{'price':17330,'volatility':0.024,'fear_greed_index':33}","no_blame",0.1,-0.005
2026-06-20 13:30:11,msg_0236,user_EX,"Вижу, что все в лонге, перегрето. Не шорчу – просто не вхожу. Выждать перегрев безопаснее, чем ловить разворот.",0,"{'price':17850,'volatility':0.030,'fear_greed_index':78}","overheated_skip",0.2,0.0
2026-06-20 14:25:55,msg_0237,user_EY,"Использую правило «2% в день – стоп». Сегодня достиг дневного лимита убытка на второй сделке. Выключил терминал, пошёл в спортзал. Дисциплина.",0,"{'price':17200,'volatility':0.033,'fear_greed_index':26}","daily_loss_limit_hit",0.3,-0.02
2026-06-20 15:20:33,msg_0238,user_EZ,"Планирую сделку накануне вечером. Утром только исполняю. Так я избегаю утренних импульсов. Сегодня сработал лимитник на покупку – сделка в плюсе.",0,"{'price':17420,'volatility':0.017,'fear_greed_index':35}","evening_plan",0.1,0.009
2026-06-20 16:15:22,msg_0239,user_FA,"Рынок отскочил от поддержки, но без объёма. Я не покупаю. Через час цена снова пришла на поддержку, теперь с объёмом – купил. Профит.",0,"{'price':17280,'volatility':0.026,'fear_greed_index':29}","volume_confirmation",0.1,0.011
2026-06-21 09:05:44,msg_0240,user_FB,"Сегодня у меня нет сигналов ни по одной стратегии. Значит, день отдыха. Раньше я бы зашёл от скуки, сейчас – нет.",0,"{'price':17400,'volatility':0.009,'fear_greed_index':32}","no_signal_rest",0.0,0.0
2026-09-11 10:40:22,msg_0610,user_TH,"Уровень сопротивления 17300. Цена подошла, объёмы падают. Не шорчу, просто жду. Пробоя нет – я в кэше.",0,"{'price':17280,'volatility':0.020,'fear_greed_index':40}","resistance_wait",0.1,0.0
2026-09-11 12:05:44,msg_0611,user_TI,"Мой стоп-лосс на 17150. Цена дошла до 17151 и ушла вверх. Рука не дрогнула – стоп не тронул. Сейчас в плюсе.",0,"{'price':17151,'volatility':0.025,'fear_greed_index':36}","stop_untouched",0.3,0.009
2026-09-12 09:30:55,msg_0612,user_TJ,"Перед сделкой проверяю три уровня таймфреймов: часовой, четырёхчасовой, дневной. Все совпали – вхожу. Профит 1.2%",0,"{'price':17350,'volatility':0.022,'fear_greed_index':44}","multi_tf",0.1,0.012
2026-09-12 10:55:33,msg_0613,user_TK,"Закончил день в небольшом минусе 0.3%. Не пытаюсь отыграться. Завтра новый день.",0,"{'price':17280,'volatility':0.019,'fear_greed_index':40}","tiny_loss",0.1,-0.003
2026-09-12 12:20:22,msg_0614,user_TL,"Я веду spreadsheet всех своих сделок с комментариями. За месяц ошибок стало в два раза меньше. Данные рулят.",0,"{'price':17300,'volatility':0.016,'fear_greed_index':42}","data_driven",0.0,0.0
2026-09-13 09:10:44,msg_0615,user_TM,"Сегодня день без графиков – только чтение книг по трейдингу. «Трейдинг – это психология» – читаю Тверда. Отдых для мозга.",0,"{'price':17350,'volatility':0.014,'fear_greed_index':43}","book_day",0.0,0.0
2026-09-13 10:35:33,msg_0616,user_TN,"После вчерашней медитации торгую спокойно. Сделал две сделки, обе по плану, итог +0.9%",0,"{'price':17400,'volatility':0.018,'fear_greed_index':46}","meditation_win",0.2,0.009
2026-09-13 12:00:22,msg_0617,user_TO,"Использую только спот, без плеча. Риск минимален. Даже в панике я не потеряю много. Сплю спокойно.",0,"{'price':17420,'volatility':0.022,'fear_greed_index':47}","spot_only_safe",0.0,0.0
2026-09-14 09:25:55,msg_0618,user_TP,"Уровень поддержки 17300. Поставил лимитник на 17310. Сработал. Прибыль 1.4%",0,"{'price':17310,'volatility':0.024,'fear_greed_index':44}","support_buy_again",0.1,0.014
2026-09-14 10:50:33,msg_0619,user_TQ,"Сегодня я достиг месячной цели +3% досрочно. Закрываю все позиции, до конца месяца не торгую. Перехай не нужен.",0,"{'price':17450,'volatility':0.019,'fear_greed_index':48}","early_stop_win",0.1,0.0
2026-09-14 12:15:22,msg_0620,user_TR,"Завершаю эту часть дневника. Всего за кризисный период сохранил капитал, вырос на 2% в месяц. Дисциплина спасла. Продолжаю в том же духе.",0,"{'price':17400,'volatility':0.016,'fear_greed_index':46}","journal_close",0.0,0.0
2026-06-21 09:55:33,msg_0241,user_FC,"Мой друг сказал: «Купи XRP, будет ракета». Я улыбнулся и купил по своему плану BTC. XRP упал на 8% за день. BTC вырос на 1%.",0,"{'price':17500,'volatility':0.019,'fear_greed_index':38}","ignore_friend",0.1,0.01
2026-06-21 10:50:22,msg_0242,user_FD,"Вижу сильную свечу, но она закрылась на максимуме. Не вхожу – жду следующую свечу. Она закрылась красной. Не попал в ловушку.",0,"{'price':17650,'volatility':0.028,'fear_greed_index':47}","wait_next_candle",0.2,0.0
2026-06-21 11:45:11,msg_0243,user_FE,"Мои позиции сегодня все в небольшом минусе. Я не паникую, потому что каждая позиция имеет стоп и не превышает 1% риска. Сон спокойный.",0,"{'price':17320,'volatility':0.022,'fear_greed_index':31}","small_risk_sleep",0.1,-0.003
2026-06-21 12:40:33,msg_0244,user_FF,"Поставил цель на месяц: +5% к депозиту. Сегодня уже +3%. Не гонюсь за перевыполнением. Спокойно продолжаю торговать.",0,"{'price':17450,'volatility':0.018,'fear_greed_index':36}","monthly_target",0.1,0.0
2026-06-21 13:35:22,msg_0245,user_FG,"Я перестал проверять P&L во время сделки. Просто смотрю на график и стоп. Это снизило тревожность в разы. Сегодня – отличный пример.",0,"{'price':17380,'volatility':0.016,'fear_greed_index':34}","ignore_pnl_live",0.1,0.006
2026-06-21 14:30:11,msg_0246,user_FH,"Уровень 17400 держится. Я купил, стоп на 17350. Риск 0.5%. Цена сходила до 17360 и пошла вверх. Доверие к уровню окупилось.",0,"{'price':17400,'volatility':0.021,'fear_greed_index':35}","level_trust",0.2,0.013
2026-06-21 15:25:55,msg_0247,user_FI,"Сегодня у меня день анализа: пересматриваю все сделки за месяц. Нашёл ошибку в риск-менеджменте – исправляю. Без торговли.",0,"{'price':17410,'volatility':0.012,'fear_greed_index':33}","review_day",0.0,0.0
2026-06-21 16:20:33,msg_0248,user_FJ,"Торгую только по тренду на дневках. Сегодня тренд вверх – ищу лонги. Даже если дневная свеча красная, не меняю решение.",0,"{'price':17480,'volatility':0.024,'fear_greed_index':40}","trend_follow",0.1,0.0
2026-06-22 09:10:22,msg_0249,user_FK,"Вчера был тяжёлый день, устал. Сегодня беру выходной. Трейдинг требует свежей головы. Рынок никуда не денется.",0,"{'price':17400,'volatility':0.014,'fear_greed_index':34}","mental_health_day",0.0,0.0
2026-06-22 10:00:44,msg_0250,user_FL,"Ставлю лимитники на покупку за 5-10 пунктов до уровня, а не на самом уровне. Так меньше проскальзывания и ложных пробоев. Сегодня сработало.",0,"{'price':17250,'volatility':0.018,'fear_greed_index':28}","limit_offset",0.1,0.007
2026-06-22 10:55:33,msg_0251,user_FM,"Правило: не торговать в первые 30 минут после важных новостей. Сегодня вышли данные по инфляции. Я не торговал, просто смотрел. Цена сходила вверх, потом вниз, я ничего не потерял.",0,"{'price':17450,'volatility':0.045,'fear_greed_index':44}","news_avoid",0.1,0.0
2026-06-22 11:50:22,msg_0252,user_FN,"Использую только 20% депозита в любой момент времени. Остальное – в кэше. Это даёт спокойствие, даже когда рынок идёт против. Сегодня спокойно.",0,"{'price':17330,'volatility':0.025,'fear_greed_index':32}","cash_reserve",0.1,0.0
2026-06-22 12:45:11,msg_0253,user_FO,"Я перестал читать новости и прогнозы. Только графики и объёмы. Меньше шума – больше ясности. Сегодня принял три решения без внешнего влияния.",0,"{'price':17420,'volatility':0.016,'fear_greed_index':35}","no_news",0.1,0.005
2026-06-22 13:40:33,msg_0254,user_FP,"Сегодня я не вошёл в сделку, потому что не был уверен на 80%. Рынок потом дал движение, но я не жалею. Уверенность – часть моего фильтра.",0,"{'price':17400,'volatility':0.019,'fear_greed_index':34}","confidence_filter",0.2,0.0
2026-06-22 14:35:22,msg_0255,user_FQ,"После того как цена задела мой стоп и пошла в мою сторону, я не изменил план. Стоп остаётся там же на следующих сделках. Дисциплина.",0,"{'price':17350,'volatility':0.022,'fear_greed_index':33}","discipline_stop",0.2,-0.005
2026-06-22 15:30:11,msg_0256,user_FR,"Вместо того чтобы торговать, я сегодня написал скрипт для автоматического расчёта размера позиции. Теперь ошибок в расчётах не будет.",0,"{'price':17410,'volatility':0.011,'fear_greed_index':34}","automation_prep",0.0,0.0
2026-06-22 16:25:55,msg_0257,user_FS,"Закончил день с нулём. Не заработал, не потерял. Лучше ноль, чем минус. Завтра новый день.",0,"{'price':17380,'volatility':0.017,'fear_greed_index':33}","breakeven_day",0.1,0.0
2026-06-23 09:15:33,msg_0258,user_FT,"Утром цена сделала ложный пробой вниз. Многие продали. Я посмотрел на объёмы – они были низкие. Не продал. Через час цена вернулась и пошла вверх.",0,"{'price':17100,'volatility':0.034,'fear_greed_index':24}","volume_save",0.2,0.0
2026-06-23 10:10:22,msg_0259,user_FU,"Сигнал на покупку, но RSI на дневках выше 70. Я пропускаю. Перекупленность может длиться долго, но я не рискую. Пропустил движение вверх на 2%, но и не потерял.",0,"{'price':17800,'volatility':0.029,'fear_greed_index':72}","overbought_skip",0.2,0.0
2026-06-23 11:05:44,msg_0260,user_FV,"Использую метод «половинного лота» после убытка. Сегодня после -1% на первой сделке, вторую сделал с лотом 0.5. Она дала +1.2% – отыграл половину. Контроль.",0,"{'price':17350,'volatility':0.023,'fear_greed_index':32}","half_lot_after_loss",0.2,0.006
2026-06-23 12:00:33,msg_0261,user_FW,"Торгую только в сессию Лондона. Нью-Йоркскую пропускаю – слишком волатильно. Сегодня закрылся до открытия США. Рынок США упал на 1.5% после моего выхода – сэкономил.",0,"{'price':17420,'volatility':0.040,'fear_greed_index':38}","session_filter",0.1,0.0
2026-06-23 12:55:22,msg_0262,user_FX,"У меня есть список «не торговать, если…». Сегодня было «если я злюсь» – а я злился из-за бытовой проблемы. Не торговал. Через час злость прошла, рынок стоял на месте, ничего не потерял.",0,"{'price':17390,'volatility':0.012,'fear_greed_index':33}","emotional_blacklist",0.3,0.0
2026-06-23 13:50:11,msg_0263,user_FY,"Планирую сделки на неделю в воскресенье. В понедельник просто исполняю. Сегодня, в четверг, ни одной новой сделки – только управление открытыми. Порядок.",0,"{'price':17430,'volatility':0.018,'fear_greed_index':36}","weekly_plan",0.1,0.0
2026-06-23 14:45:33,msg_0264,user_FZ,"Вижу странный паттерн – не вхожу. Потом оказалось, что это была «ловушка для быков». Спасибо опыту и недоверию к аномалиям.",0,"{'price':17300,'volatility':0.027,'fear_greed_index':29}","trap_avoid",0.2,0.0
2026-06-23 15:40:22,msg_0265,user_GA,"Сегодня я установил себе правило: каждые 2 часа – 10 минут перерыва от экрана. Заметно упала усталость. Сделки стали чище.",0,"{'price':17410,'volatility':0.015,'fear_greed_index':34}","regular_breaks",0.1,0.0
2026-06-23 16:35:11,msg_0266,user_GB,"Закончил день с +0.9%. Немного, но стабильно. В копилку. Главное – не потерял. Завтра ещё.",0,"{'price':17400,'volatility':0.016,'fear_greed_index':35}","small_profit_day",0.1,0.009
2026-06-17 11:10:55,msg_0267,user_GC,"Увидел, как цена резко идёт вверх, влетел на всю котлету. Тут же -3%. Почему я всегда опаздываю на поезд?",1,"{'price':17700,'volatility':0.048,'fear_greed_index':65}","fomo_buy",0.8,-0.07
2026-06-18 10:20:33,msg_0268,user_GD,"Меня выбило по стопу, я разозлился и открыл позицию в два раза больше. Цена снова пошла против, потерял вдвойне. Дурак.",1,"{'price':17200,'volatility':0.041,'fear_greed_index':26}","revenge_trade",0.9,-0.12
2026-06-19 09:40:22,msg_0269,user_GE,"Увидел, что мой сигнал сработал, но я испугался и не вошёл. Цена улетела на 4% вверх. От злости купил на хаях – сразу просадка.",1,"{'price':17900,'volatility':0.055,'fear_greed_index':80}","fear_miss_then_fomo",0.9,-0.06
2026-06-20 09:15:44,msg_0270,user_GF,"Долго усреднял убыточную позицию, думал что вот-вот разворот. Не дождался, потерял 15% депозита. Усреднение убивает.",1,"{'price':16200,'volatility':0.076,'fear_greed_index':12}","averaging_loss",1.0,-0.15
2026-06-29 11:30:55,msg_0325,user_II,"Вижу, что многие в телеграме покупают альт. Я не покупаю, потому что нет сигнала в моей системе. Альт вырос на 10% – я не заработал, но не потерял. Через день альт упал на 20% – те, кто купил, потеряли.",0,"{'price':0.55,'volatility':0.085,'fear_greed_index':68}","hold",0.2,0.0
2026-06-29 12:25:33,msg_0326,user_IJ,"Сегодня у меня день без графиков. Только планирование и настройка софта. Торговая система должна быть готова к любой ситуации.",0,"{'price':17410,'volatility':0.013,'fear_greed_index':34}","hold",0.0,0.0
2026-06-29 13:20:22,msg_0327,user_IK,"Потерял 0.4% на первой сделке. Не меняю размер позиции для второй – риск остаётся 1% на сделку. Вторая сделка дала +1.1%. Убыток перекрыт.",0,"{'price':17350,'volatility':0.022,'fear_greed_index':32}","hold",0.2,0.011
2026-06-29 14:15:44,msg_0328,user_IL,"Рынок сделал свечу «доджи» на сопротивлении. Многие шортят. Я жду подтверждения следующей свечой. Следующая свеча – бычья. Не шорчу. Цена пошла вверх на 2% без меня.",0,"{'price':17600,'volatility':0.028,'fear_greed_index':48}","hold",0.2,0.0
2026-06-29 15:10:33,msg_0329,user_IM,"Перед сделкой я записываю ожидаемый P&L и точку выхода. Сегодня записал. Достиг – закрыл. Дисциплина сработала.",0,"{'price':17480,'volatility':0.019,'fear_greed_index':39}","hold",0.1,0.008
2026-06-29 16:05:22,msg_0330,user_IN,"После трёх побед подряд я не увеличиваю лот, а оставляю прежний. Перехай – частая причина слива. Сегодня четвёртая сделка была убыточной, но убыток маленький, так как лот не увеличен.",0,"{'price':17420,'volatility':0.024,'fear_greed_index':37}","hold",0.2,-0.005
2026-06-30 09:00:44,msg_0331,user_IO,"Стоп-лосс на 17300. Цена коснулась 17300 ровно, сработал. Убыток 1%. Через минуту цена упала до 17200. Если бы я подвинул стоп, потерял бы 2%. Слава дисциплине.",0,"{'price':17300,'volatility':0.033,'fear_greed_index':27}","hold",0.2,-0.01
2026-06-30 09:50:33,msg_0332,user_IP,"Использую метод «один трейд в день». Сегодня сделал один – прибыльный. Не смотрю на график дальше. Спокойный вечер.",0,"{'price':17450,'volatility':0.016,'fear_greed_index':35}","hold",0.1,0.007
2026-06-30 10:40:22,msg_0333,user_IQ,"Сигнал на покупку, но я сомневаюсь. Если сомневаюсь – не вхожу. Потом сигнал оказался ложным. Сомнение спасло.",0,"{'price':17380,'volatility':0.018,'fear_greed_index':34}","hold",0.2,0.0
2026-06-30 11:35:55,msg_0334,user_IR,"Рынок во флэте. Я не торгую. По статистике, мои убытки во флэте составляют 80% всех потерь. Выключил терминал.",0,"{'price':17390,'volatility':0.010,'fear_greed_index':33}","hold",0.0,0.0
2026-06-30 12:30:33,msg_0335,user_IS,"Уровень поддержки 17100. Поставил лимитник на 17110 (чуть выше). Сработал, цена упала до 17100 и ушла вверх. Профит 1.2%. Не гнался за точным дном.",0,"{'price':17110,'volatility':0.024,'fear_greed_index':26}","hold",0.1,0.012
2026-06-30 13:25:22,msg_0336,user_IT,"Закрыл сделку с +0.8% через час, потому что цель была 0.8%. Дальше цена выросла ещё на 1%. Не жалею – цель достигнута.",0,"{'price':17430,'volatility':0.020,'fear_greed_index':36}","hold",0.1,0.008
2026-06-21 12:20:33,msg_0271,user_GG,"Купил на максимуме, потому что все кричали «10к будет!». Рынок рухнул. Я остался с мешком. Никогда не слушайте толпу.",1,"{'price':17850,'volatility':0.062,'fear_greed_index':88}","crowd_fomo",0.8,-0.20
2026-06-22 09:50:11,msg_0272,user_GH,"Передвинул стоп дальше, чтобы не выбило. Выбило на новом уровне с большим убытком. Сто раз говорил себе не двигать стоп – и снова.",1,"{'price':17000,'volatility':0.049,'fear_greed_index':19}","move_stop",1.0,-0.10
2026-06-23 10:35:55,msg_0273,user_GI,"Было +8% по позиции, но я не закрыл, потому что «будет 15%». Цена упала до -5%. Жадность рулит, а жаль.",1,"{'price':17400,'volatility':0.044,'fear_greed_index':45}","greedy_hold",0.9,-0.13
2026-06-24 09:30:22,msg_0274,user_GJ,"Увидел, как друг заработал на мемкоине, тоже купил. Мемкоин рухнул на 40% за час. Дружба дружбой, а анализ анализом.",1,"{'price':0.002,'volatility':0.150,'fear_greed_index':70}","copy_friend",0.7,-0.20
2026-06-24 12:15:44,msg_0275,user_GK,"Потерял 5% за день, не выдержал, закрыл всё. На следующий день рынок отыграл все потери и ещё +3% без меня. Паника – плохой советник.",1,"{'price':16300,'volatility':0.082,'fear_greed_index':14}","panic_close_all",0.9,-0.10
2026-06-25 14:00:33,msg_0276,user_GL,"Торговал без стопов, потому что «уверен». Рынок резко развернулся, потерял 12% за час. Стопы – не опция, а необходимость.",1,"{'price':16900,'volatility':0.068,'fear_greed_index':21}","no_stop_loss",1.0,-0.12
2026-06-26 11:40:22,msg_0277,user_GM,"Увидел сигнал на шорт, но решил подождать чуть выше. Цена упала без меня. От досады открыл шорт уже на нижнем уровне – поймал отскок. Убыток.",1,"{'price':17200,'volatility':0.037,'fear_greed_index':30}","miss_then_chase",0.7,-0.05
2026-06-27 16:20:11,msg_0278,user_GN,"После трёх побед подряд я почувствовал себя гением. Увеличил лот в 3 раза. Тут же проиграл всё, что заработал за неделю. Гордыня.",1,"{'price':17650,'volatility':0.042,'fear_greed_index':58}","overconfidence",0.9,-0.12
2026-06-24 09:10:33,msg_0279,user_GO,"После того как я потерял на эмоциях в прошлый раз, теперь у меня есть правило: «Закрыл убыток – сделай 10 глубоких вдохов». Сегодня помогло.",0,"{'price':17300,'volatility':0.025,'fear_greed_index':28}","breathing_after_loss",0.3,-0.005
2026-06-24 10:05:22,msg_0280,user_GP,"Не смотрю на P&L во время сделки, только на цену. Исчез страх перед красными цифрами. Сделка закрыта в плюс.",0,"{'price':17450,'volatility':0.019,'fear_greed_index':36}","pnl_blind",0.2,0.007
2026-06-24 11:00:44,msg_0281,user_GQ,"Я удалил все индикаторы, оставил только цену и объём. Меньше шума – меньше сомнений. Сегодня принял быстрое решение.",0,"{'price':17380,'volatility':0.016,'fear_greed_index':34}","minimalist_chart",0.1,0.004
2026-06-24 12:00:33,msg_0282,user_GR,"Перед важным событием я сократил позиции вдвое. Событие вызвало резкое движение, но мой убыток был маленьким. Жалею только о том, что не сократил ещё больше.",0,"{'price':17410,'volatility':0.051,'fear_greed_index':41}","reduce_before_event",0.2,-0.008
2026-06-24 13:00:22,msg_0283,user_GS,"Пропустил движение вверх на 2%, потому что был на совещании. Вернулся – не стал догонять. Догнавшие потеряли на откате.",0,"{'price':17600,'volatility':0.028,'fear_greed_index':48}","no_chase_miss",0.1,0.0
2026-06-24 14:00:11,msg_0284,user_GT,"У меня есть дневник трейдера. Записываю каждую сделку и эмоцию. Анализ показал, что лучшие сделки – когда я спокоен. Сегодня был спокоен – сделка в плюс.",0,"{'price':17350,'volatility':0.017,'fear_greed_index':33}","journaling",0.1,0.008
2026-06-24 15:00:33,msg_0285,user_GU,"Вижу, что цена консолидируется перед важным уровнем. Не вхожу, жду пробоя. Пробоя не случилось, сэкономил комиссии.",0,"{'price':17420,'volatility':0.013,'fear_greed_index':35}","wait_for_break",0.1,0.0
2026-06-25 09:05:22,msg_0286,user_GV,"Занёс на счёт только половину капитала, вторую половину держу на отдельном счету без доступа к торговле. Это защита от собственной глупости. Сегодня спокоен.",0,"{'price':17400,'volatility':0.015,'fear_greed_index':34}","capital_separation",0.1,0.0
2026-06-25 10:10:44,msg_0287,user_GW,"Сегодня утром сделал разбор полётов: почему проиграл на прошлой неделе? Потому что торговал против тренда. Исправил. Теперь только по тренду.",0,"{'price':17320,'volatility':0.024,'fear_greed_index':30}","post_mortem",0.2,0.0
2026-06-25 11:15:33,msg_0288,user_GX,"Использую ордера «стоп-лимит» вместо рыночных. Это убирает проскальзывания и нервы. Сегодня сработал чётко.",0,"{'price':17480,'volatility':0.019,'fear_greed_index':37}","stop_limit",0.1,0.005
2026-06-25 12:20:22,msg_0289,user_GY,"Я не торгую в период отчётов компаний. Слишком много случайных движений. Сегодня – день отчёта, я в кэше. Правильно – рынок скакал на 3% туда-сюда.",0,"{'price':17450,'volatility':0.058,'fear_greed_index':45}","earnings_avoid",0.1,0.0
2026-06-25 13:25:11,msg_0290,user_GZ,"Сигнал на покупку, но перед выходными я уменьшаю риск в 2 раза. Вошёл половинным лотом. В пятницу вечером часто бывают сюрпризы, не хочу рисковать.",0,"{'price':17410,'volatility':0.022,'fear_greed_index':36}","weekend_risk_half",0.2,0.0
2026-06-25 14:30:55,msg_0291,user_HA,"Мне предложили платный сигнал от «гуру». Я отказался. Своя система, пусть и неидеальная, но честная. Сегодня система дала +0.7%",0,"{'price':17380,'volatility':0.016,'fear_greed_index':34}","no_paid_signals",0.0,0.007
2026-06-25 15:35:33,msg_0292,user_HB,"Я перестал смотреть на терминал ночью. Сон стал крепче, а решения – трезвее. Утренний анализ гораздо эффективнее.",0,"{'price':17420,'volatility':0.018,'fear_greed_index':35}","no_night_trading",0.1,0.0
2026-06-26 09:00:22,msg_0293,user_HC,"Поставил себе цель на день: максимум 2% прибыли. Когда достиг – закрылся. Жадность осталась за бортом. Спокойный день.",0,"{'price':17490,'volatility':0.020,'fear_greed_index':39}","profit_target_day",0.1,0.01
2026-06-26 10:15:44,msg_0294,user_HD,"Сел писать торговый план на следующий месяц. Прописал все уровни, сценарии, размеры позиций. Когда план есть – страх уходит.",0,"{'price':17400,'volatility':0.013,'fear_greed_index':34}","monthly_plan",0.0,0.0
2026-06-26 11:30:33,msg_0295,user_HE,"Использую тихий будильник каждые 2 часа, чтобы отвлечься от графика на 5 минут. Это спасло от переутомления. Сегодня торговал легко.",0,"{'price':17360,'volatility':0.017,'fear_greed_index':33}","reminder_breaks",0.1,0.0
2026-06-26 12:45:22,msg_0296,user_HF,"Закрыл сделку с +1.5%. Потом цена ушла ещё на 2% без меня. Но я не жалею – я выполнил свою цель. Чужие деньги не мои.",0,"{'price':17600,'volatility':0.025,'fear_greed_index':47}","content_with_profit",0.1,0.015
2026-06-26 14:00:11,msg_0297,user_HG,"Вижу, что индикатор страха и жадности на 95 – «экстремальная жадность». Я не шорчу, а просто выхожу в кэш. Перегрев может длиться, но я не рискую.",0,"{'price':18300,'volatility':0.055,'fear_greed_index':95}","fear_greed_extreme",0.3,0.0
2026-06-26 15:15:55,msg_0298,user_HH,"Установил правило: не более 5% от депозита в одной сделке. Сегодня была возможность поставить 10%, но я сдержался. И правильно – цена сходила к стопу, убыток был бы двойным.",0,"{'price':17320,'volatility':0.031,'fear_greed_index':30}","position_limit",0.1,-0.005
2026-06-26 16:30:33,msg_0299,user_HI,"Сегодня не было сделок, потому что я проходил онлайн-курс по трейдингу. Обучение – лучшая инвестиция. Завтра буду умнее.",0,"{'price':17410,'volatility':0.014,'fear_greed_index':34}","education_day",0.0,0.0
2026-06-26 17:30:11,msg_0300,user_HJ,"Подвожу итог недели: +2.3% к депозиту, максимальная просадка 0.8%. Ни одной ночной паники. Дисциплина работает. Продолжаю в том же духе.",0,"{'price':17450,'volatility':0.019,'fear_greed_index':36}","weekly_summary",0.1,0.0
2026-06-27 09:10:33,msg_0301,user_HK,"План: покупать при пробое 17400 с объёмом. Пробой был, но объём низкий. Не вошёл. Цена упала обратно. Бездействие по плану – тоже действие.",0,"{'price':17400,'volatility':0.018,'fear_greed_index':34}","hold",0.0,0.0
2026-06-27 09:45:22,msg_0302,user_HL,"У меня стоп на 17350. Цена коснулась 17351 и ушла вверх. Рука дернулась подвинуть стоп ниже, но я вспомнил прошлые ошибки. Не тронул. Сделка в плюсе.",0,"{'price':17351,'volatility':0.022,'fear_greed_index':32}","hold",0.2,0.01
2026-06-27 10:20:55,msg_0303,user_HM,"Сигнал на шорт. Но перед этим я проиграл три сделки подряд. По правилу – пауза на час. Сделал паузу. Сигнал исчез – не вошёл. Избежал лишнего.",0,"{'price':17380,'volatility':0.019,'fear_greed_index':33}","hold",0.3,0.0
2026-06-27 11:05:33,msg_0304,user_HN,"Рынок упал на 3% за 10 минут. Многие продают. Я смотрю на объёмы – они не аномальные. Остаюсь в позиции. Через час отскок на 2%.",0,"{'price':16800,'volatility':0.065,'fear_greed_index':15}","hold",0.2,0.0
2026-06-27 11:50:22,msg_0305,user_HO,"Заработал +2% на первой сделке. По правилу «после крупной победы – уменьшить лот» уменьшил лот вдвое. Вторая сделка была убыточной, но убыток маленький. Рационально.",0,"{'price':17500,'volatility':0.024,'fear_greed_index':41}","hold",0.1,0.015
2026-06-27 12:35:44,msg_0306,user_HP,"Уровень поддержки 17200. Поставил лимитник на 17205 (чуть выше). Сработал. Цена упала до 17200 и ушла вверх. Я в плюсе. Не гнался за дном.",0,"{'price':17205,'volatility':0.026,'fear_greed_index':28}","hold",0.1,0.008
2026-06-27 13:20:33,msg_0307,user_HQ,"Новость: ставка ФРС не изменилась. Все кинулись покупать. Я не тороплюсь, жду час. Рынок скорректировался, я вошёл на откате. Профит.",0,"{'price':17420,'volatility':0.048,'fear_greed_index':44}","hold",0.2,0.012
2026-06-27 14:10:22,msg_0308,user_HR,"Дневной лимит убытка 1% достигнут. Я закрыл терминал, хотя был соблазн «отыграться». Не поддался. Сохранил капитал.",0,"{'price':17300,'volatility':0.031,'fear_greed_index':30}","hold",0.2,-0.01
2026-06-27 15:00:55,msg_0309,user_HS,"Сегодня не было ни одного надёжного сигнала. Вместо того чтобы торговать от скуки, пошёл читать книгу. Лучший трейд – не трейд.",0,"{'price':17410,'volatility':0.012,'fear_greed_index':34}","hold",0.0,0.0
2026-06-27 15:55:33,msg_0310,user_HT,"Закрыл позицию с +0.6%, потому что цель была 0.5%. Дальше цена ушла ещё на 1%. Не жалею – план есть план.",0,"{'price':17450,'volatility':0.017,'fear_greed_index':36}","hold",0.1,0.006
2026-06-27 16:50:22,msg_0311,user_HU,"Перед сделкой проверил календарь новостей – через 15 минут важные данные. Не вошёл. Данные вызвали пилу в 2%, я ничего не потерял.",0,"{'price':17380,'volatility':0.042,'fear_greed_index':35}","hold",0.1,0.0
2026-06-28 09:05:44,msg_0312,user_HV,"Мой стоп-лосс на 17100. Цена опустилась до 17105 и развернулась. Я не двигал стоп. Выиграл – позиция в плюсе.",0,"{'price':17105,'volatility':0.029,'fear_greed_index':25}","hold",0.2,0.009
2026-06-28 09:50:33,msg_0313,user_HW,"Вчерашний минус 0.5% не влияет на сегодняшние решения. Торгую тем же размером позиции. Без эмоциональных качелей.",0,"{'price':17400,'volatility':0.016,'fear_greed_index':34}","hold",0.1,0.0
2026-06-28 10:35:22,msg_0314,user_HX,"Использую только отложенные ордера на вход. Сегодня три ордера – все сработали по плану. Ни одного рыночного импульса.",0,"{'price':17350,'volatility':0.018,'fear_greed_index':33}","hold",0.1,0.011
2026-06-28 11:20:11,msg_0315,user_HY,"Устал после бессонной ночи. По правилу «устал – не торгуй» не открыл ни одной сделки. Рынок был волатильным, я мог бы потерять. Хорошее решение.",0,"{'price':17420,'volatility':0.037,'fear_greed_index':36}","hold",0.0,0.0
2026-06-28 12:10:55,msg_0316,user_HZ,"Вижу дивергенцию, но нет подтверждения объёмом. Не вхожу. Через час дивергенция сработала без меня – но я не жалею, потому что мои правила требуют объём.",0,"{'price':17380,'volatility':0.021,'fear_greed_index':34}","hold",0.2,0.0
2026-06-28 13:05:33,msg_0317,user_IA,"Получил +1.2% за 20 минут. Закрыл терминал. В прошлом я бы продолжил и отдал обратно. Теперь умею вовремя остановиться.",0,"{'price':17550,'volatility':0.025,'fear_greed_index':43}","hold",0.2,0.012
2026-06-28 14:00:22,msg_0318,user_IB,"Торгую только в первой половине дня. После обеда волатильность падает, появляются ложные сигналы. В 13:00 закрылся. Рынок после обеда был в боковике – ничего не потерял.",0,"{'price':17410,'volatility':0.014,'fear_greed_index':35}","hold",0.1,0.0
2026-06-28 14:55:44,msg_0319,user_IC,"Перед входом задаю себе вопрос: «Это сделка по системе или по эмоции?» Ответ – по системе. Вхожу. Прибыль 0.9%.",0,"{'price':17430,'volatility':0.018,'fear_greed_index':36}","hold",0.1,0.009
2026-06-28 15:50:33,msg_0320,user_ID,"Пересмотрел свои сделки за неделю: все убытки были из-за торговли на новостях. Теперь в новостные окна – кэш. Дисциплина.",0,"{'price':17390,'volatility':0.023,'fear_greed_index':34}","hold",0.2,0.0
2026-06-28 16:45:22,msg_0321,user_IE,"Установил правило: не более 2% депозита в одной сделке. Сегодня была возможность поставить 5%, но я не нарушил. Убыток по этой сделке составил бы 2% – я потерял бы много, но потерял только 0.8% (2% от 40% позиции). Всё по плану.",0,"{'price':17280,'volatility':0.035,'fear_greed_index':29}","hold",0.1,-0.008
2026-06-29 09:10:11,msg_0322,user_IF,"Сигнал на покупку, но цена уже прошла 70% от моей цели. Не вхожу – плохое соотношение риск/прибыль. Пропускаю. Правильно – дальше был откат.",0,"{'price':17700,'volatility':0.029,'fear_greed_index':55}","hold",0.1,0.0
2026-06-29 09:55:33,msg_0323,user_IG,"План: выходить из позиции после двух часов без движения. Прошло два часа – закрылся с нулём. Через 30 минут цена пошла вниз. Вовремя ушёл.",0,"{'price':17400,'volatility':0.009,'fear_greed_index':33}","hold",0.1,0.0
2026-06-29 10:40:22,msg_0324,user_IH,"Использую трейлинг-стоп с шагом 0.5%. Цена выросла на 2%, стоп подтянулся, сработал на +1.5%. Не жадничал. Дальше цена упала до +0.5%.",0,"{'price':17520,'volatility':0.027,'fear_greed_index':44}","hold",0.1,0.015
2026-06-30 14:20:44,msg_0337,user_IU,"Я веду дневник импульсов. Сегодня был импульс «купить срочно». Записал его и не купил. Цена упала на 1% через 5 минут. Дневник работает.",0,"{'price':17450,'volatility':0.022,'fear_greed_index':38}","hold",0.2,0.0
2026-06-30 15:15:33,msg_0338,user_IV,"Мой алгоритм дал сигнал на вход, но я физически не могу смотреть в экран – болит голова. Пропускаю. Сигнал был ложный. Здоровье важнее.",0,"{'price':17400,'volatility':0.017,'fear_greed_index':34}","hold",0.0,0.0
2026-06-30 16:10:22,msg_0339,user_IW,"Подвожу итоги месяца: +4.2%, максимальная просадка 1.1%. Всё по плану. Буду продолжать в том же духе.",0,"{'price':17420,'volatility':0.014,'fear_greed_index':35}","hold",0.0,0.0
2026-07-01 09:05:33,msg_0340,user_IX,"Новый месяц. Обновляю уровни. Пересматриваю риск. Первая сделка – половинным лотом, чтобы войти в ритм. Рациональный подход.",0,"{'price':17400,'volatility':0.016,'fear_greed_index':34}","hold",0.1,0.0
2026-07-01 09:55:22,msg_0341,user_IY,"Вижу, как коллега за минуту заработал $500 на опционе. Я не завидую, продолжаю свою стратегию. У него через час был слив, а у меня +0.5% и спокойствие.",0,"{'price':17450,'volatility':0.028,'fear_greed_index':39}","hold",0.1,0.005
2026-07-01 10:50:44,msg_0342,user_IZ,"Поставил стоп-лосс на 17250. Цена дошла до 17248, сработал. Убыток 0.7%. Через час цена 17150. Стоп спас от большего.",0,"{'price':17248,'volatility':0.041,'fear_greed_index':23}","hold",0.1,-0.007
2026-07-01 11:45:33,msg_0343,user_JA,"Использую правило «не торговать в пятницу 13-е». Сегодня пятница 13-е. Не торгую. Рынок упал на 2% за день. Я ничего не потерял.",0,"{'price':17100,'volatility':0.038,'fear_greed_index':20}","hold",0.0,0.0
2026-07-01 12:40:22,msg_0344,user_JB,"Сделка по системе: вход, стоп, тейк. Сработал тейк. Всё. Без эмоций. Именно так выглядит профессионализм.",0,"{'price':17520,'volatility':0.021,'fear_greed_index':43}","hold",0.1,0.018
2026-07-01 13:35:55,msg_0345,user_JC,"Я не проверяю счёт во время сделки. Только после. Это исключает страх и жадность. Сегодня сделка закрыта в плюс – узнал только после.",0,"{'price':17430,'volatility':0.018,'fear_greed_index':36}","hold",0.1,0.006
2026-07-01 14:30:33,msg_0346,user_JD,"Установил ежедневный лимит убытка в 1.5%. Сегодня достиг на второй сделке. Выключил. Жёстко, но эффективно.",0,"{'price':17280,'volatility':0.033,'fear_greed_index':27}","hold",0.1,-0.015
2026-07-01 15:25:22,msg_0347,user_JE,"Сигнал на покупку, но новостной фон неопределённый. Решил подождать 30 минут. Новости вышли нейтральные, цена сходила вверх и обратно. Я ничего не потерял.",0,"{'price':17410,'volatility':0.029,'fear_greed_index':35}","hold",0.2,0.0
2026-07-01 16:20:44,msg_0348,user_JF,"Закончил день в ноль. Лучше ноль, чем минус. Завтра новый день.",0,"{'price':17390,'volatility':0.015,'fear_greed_index':34}","hold",0.1,0.0
2026-07-02 09:10:33,msg_0349,user_JG,"Перед важными данными по занятости я сократил позиции на 50%. Данные вызвали скачок 1.5%, мои потери были минимальны. Рациональный риск.",0,"{'price':17420,'volatility':0.052,'fear_greed_index':42}","hold",0.2,-0.004
2026-07-02 09:55:22,msg_0350,user_JH,"Вижу, что цена подошла к уровню, но время 16:55 – за 5 минут до закрытия. Не вхожу, так как не люблю держать позиции через ночь. Утром цена гэпнула вниз – я избежал убытка.",0,"{'price':17350,'volatility':0.023,'fear_greed_index':33}","hold",0.1,0.0
2026-07-02 10:50:44,msg_0351,user_JI,"По системе я должен был закрыть сделку на +1%. Закрыл. Потом цена ушла на +2%. Не жалею – система работает на дистанции.",0,"{'price':17500,'volatility':0.026,'fear_greed_index':44}","hold",0.1,0.01
2026-07-02 11:45:33,msg_0352,user_JJ,"Рынок резко упал на 4% за час. Мои стопы сработали. Я в кэше. Не лезу покупать «дно». Буду ждать стабилизации.",0,"{'price':16700,'volatility':0.072,'fear_greed_index':12}","hold",0.2,0.0
2026-07-02 12:40:22,msg_0353,user_JK,"Я перестал использовать кредитное плечо выше 2х. Сон стал спокойнее. Сегодня рынок сильно колебался, но я не боялся ликвидации.",0,"{'price':17300,'volatility':0.045,'fear_greed_index':28}","hold",0.1,0.0
2026-07-02 13:35:55,msg_0354,user_JL,"Сигнал на шорт, но RSI на дневках ниже 30 (перепроданность). Я не шорчу – возможно разворот. Пропустил небольшое падение, зато не поймал отскок вверх.",0,"{'price':17000,'volatility':0.038,'fear_greed_index':16}","hold",0.2,0.0
2026-07-02 14:30:33,msg_0355,user_JM,"Торгую только по тренду на 4H. Сегодня тренд вверх, ищу лонги. Даже если часовая свеча красная, не меняю решение. Система.",0,"{'price':17480,'volatility':0.025,'fear_greed_index':41}","hold",0.1,0.0
2026-07-02 15:25:22,msg_0356,user_JN,"Установил правило: после двух убыточных сделок подряд – стоп на день. Сегодня случилось два убытка. Выключил терминал. Через час рынок развернулся, я не участвовал – и правильно, потому что был бы в тильте.",0,"{'price':17250,'volatility':0.036,'fear_greed_index':26}","hold",0.3,-0.012
2026-07-02 16:20:44,msg_0357,user_JO,"Ни одной сделки за день – не было сигнала. Не насилую рынок. Терпение – навык.",0,"{'price':17410,'volatility':0.013,'fear_greed_index':34}","hold",0.0,0.0
2026-06-27 12:10:22,msg_0358,user_JP,"План был закрыть при -1%, но я решил подождать – вдруг развернётся. Не развернулось. Закрыл при -4%. Я нарушил свой же стоп. Идиот.",1,"{'price':17000,'volatility':0.059,'fear_greed_index':18}","stop_violation",0.9,-0.04
2026-06-28 11:55:33,msg_0359,user_JQ,"Увидел, что цена быстро идёт вверх, влетел на всю котлету. Не проверил объём – оказался ложный пробой. Минус 3% за 5 минут. FOMO победил.",1,"{'price':17700,'volatility':0.048,'fear_greed_index':66}","fomo_buy",0.8,-0.07
2026-06-29 10:20:44,msg_0360,user_JR,"Проиграл сделку, разозлился, открыл шорт с удвоенным объёмом. Цена снова пошла против. Потерял в два раза больше. Месть рынку не удалась.",1,"{'price':17450,'volatility':0.041,'fear_greed_index':38}","revenge_trade",0.9,-0.12
2026-06-30 09:40:55,msg_0361,user_JS,"Усреднил убыток, добавился на 17300. Потом добавился на 17200. Потом на 17100. В итоге средняя 17200, цена 16800. Потерял 20% депозита. Усреднение – это не стратегия, это лотерея.",1,"{'price':16800,'volatility':0.085,'fear_greed_index':10}","averaging_down",1.0,-0.20
2026-07-01 11:30:33,msg_0362,user_JT,"Было +5% по позиции. Я не закрыл, потому что «будет 10%». Цена развернулась, закрыл в ноль. Жадность превратила профит в ноль.",1,"{'price':17350,'volatility':0.037,'fear_greed_index':41}","greedy_hold",0.8,0.0
2026-07-02 14:55:22,msg_0363,user_JU,"Мой стоп стоял на 17200. Цена почти дошла, я передвинул стоп на 17100 «чтобы не выбило». Выбило на 17100. Потерял в 2 раза больше. Типичная ошибка.",1,"{'price':17100,'volatility':0.048,'fear_greed_index':23}","moving_stop",1.0,-0.10
2026-07-03 10:15:44,msg_0364,user_JV,"Потерял 3% за день, решил отыграться на одной сделке. Поставил 50% депозита. Цена против – ликвидация. Потерял всё. Месть рынку убила счёт.",1,"{'price':16900,'volatility':0.072,'fear_greed_index':14}","martingale_revenge",1.0,-0.25
2026-07-04 09:50:33,msg_0365,user_JW,"Сигнал на покупку был, но я испугался прошлого убытка и не вошёл. Цена улетела на 5% вверх. От злости купил на хаях. Тут же -3%. Двойная ошибка.",1,"{'price':18300,'volatility':0.055,'fear_greed_index':88}","fear_miss_then_fomo",0.9,-0.09
2026-07-05 12:20:22,msg_0366,user_JX,"Увидел, что какой-то мемкоин вырос на 200% за день. Решил, что успею. Зашёл на всю котлету. Мемкоин рухнул на 80% через час. Я потерял почти всё.",1,"{'price':0.0012,'volatility':0.250,'fear_greed_index':95}","meme_fomo",0.9,-0.35
2026-07-06 15:30:11,msg_0367,user_JY,"Не поставил стоп-лосс, потому что «уверен в движении». Движение развернулось, я не мог заставить себя закрыть. Досидел до -15%. Стопы – это дисциплина, а не опция.",1,"{'price':16500,'volatility':0.068,'fear_greed_index':11}","no_stop",1.0,-0.15
2026-07-07 09:40:55,msg_0368,user_JZ,"После трёх побед подряд я почувствовал себя богом трейдинга. Увеличил лот в 5 раз. Первая же сделка с новым лотом ушла в минус на 2% – потерял всё, что заработал за неделю. Гордыня.",1,"{'price':17500,'volatility':0.044,'fear_greed_index':52}","overconfidence",0.9,-0.10
2026-07-08 11:25:33,msg_0369,user_KA,"Торговал в плохом настроении после ссоры. Каждая потеря бесила ещё больше. В итоге за час совершил 12 сделок, все убыточные. Потерял 8% депозита. Эмоции вне рынка важны.",1,"{'price':17320,'volatility':0.032,'fear_greed_index':31}","emotional_tilt",0.9,-0.08
2026-07-09 14:10:44,msg_0370,user_KB,"Увидел новость о партнёрстве, купил, не глядя на график. Оказалось, новость была уже в цене. Цена упала на 4% за час. Покупать новости на хаях – смерть.",1,"{'price':18200,'volatility':0.062,'fear_greed_index':85}","news_buy_high",0.8,-0.12
2026-07-10 10:05:33,msg_0371,user_KC,"Сигнал был на шорт, но я решил подождать «лучшей цены». Цена упала на 3% без меня. От досады купил, думая что отскочит. Не отскочило, потерял. Упустил возможность – начал мутить.",1,"{'price':17100,'volatility':0.048,'fear_greed_index':22}","miss_then_reverse",0.8,-0.06
2026-07-11 16:20:22,msg_0372,user_KD,"Я торговал без правил сегодня. Просто смотрел на график и нажимал buy/sell. Результат: -6% за час. Без системы ты не трейдер, а игрок в рулетку.",1,"{'price':17450,'volatility':0.041,'fear_greed_index':38}","no_system",0.9,-0.06
2026-07-12 13:55:11,msg_0373,user_KE,"Услышал от знакомого «заработал 50% за неделю на фьючерсах». Решил повторить, хотя никогда не торговал фьючерсы. Слил 30% за два дня. Не лезь в то, что не понимаешь.",1,"{'price':17000,'volatility':0.065,'fear_greed_index':19}","copy_unknown",0.9,-0.30
2026-07-13 09:30:55,msg_0374,user_KF,"Передвинул тейк-профит выше, потому что «чувствую, что пойдёт дальше». Цена развернулась за 1 пункт до нового тейка и ушла вниз. Прибыль 5% превратилась в убыток 1%. Жадность.",1,"{'price':17650,'volatility':0.037,'fear_greed_index':57}","moving_take_profit",0.7,-0.06
2026-07-14 12:45:33,msg_0375,user_KG,"Сидел в сделке с убытком 2%, надеясь на разворот. Разворота не было. Досидел до -10% и закрыл. Вера без плана – это не трейдинг.",1,"{'price':16300,'volatility':0.078,'fear_greed_index':9}","hope_hold",1.0,-0.10
2026-07-15 15:40:22,msg_0376,user_KH,"После большого выигрыша я начал торговать агрессивно, думая, что мне всегда везёт. Проиграл всё, что выиграл, и ещё сверху. Успех вскружил голову.",1,"{'price':17800,'volatility':0.049,'fear_greed_index':72}","winner_tilt",0.9,-0.12
2026-07-16 11:10:44,msg_0377,user_KI,"Увидел, как все продают, тоже продал по рынку. Потом оказалось, что это был просто откат, цена вернулась на +3% без меня. Паническое стадное чувство.",1,"{'price':17000,'volatility':0.062,'fear_greed_index':21}","herd_panic",0.8,-0.07
2026-07-17 09:05:33,msg_0378,user_KJ,"Сегодня с утра сделал растяжку и медитацию. Торгую спокойно. Сделка по плану – маленький плюс.",0,"{'price':17400,'volatility':0.017,'fear_greed_index':34}","hold",0.1,0.003
2026-07-17 10:00:22,msg_0379,user_KK,"Уровень 17400 пробит вниз. По плану – шорт. Вошёл с маленьким стопом. Стоп сработал с убытком 0.5% – уровень оказался ложным. Всё по плану.",0,"{'price':17390,'volatility':0.025,'fear_greed_index':32}","hold",0.2,-0.005
2026-07-17 11:00:55,msg_0380,user_KL,"Я не торгую в понедельник утром – слишком много шума от выходных. Сегодня понедельник. Сижу в кэше. Рынок скакнул туда-сюда, я сэкономил.",0,"{'price':17420,'volatility':0.031,'fear_greed_index':36}","hold",0.0,0.0
2026-07-17 12:00:33,msg_0381,user_KM,"Получил прибыль +0.6%. Закрыл. Не стал ждать больше. Маленькая стабильная прибыль лучше большого риска.",0,"{'price':17430,'volatility':0.018,'fear_greed_index':35}","hold",0.1,0.006
2026-07-17 13:00:22,msg_0382,user_KN,"Стоп-лосс сработал на 17250. Убыток 0.8%. Не пытаюсь отыграться. Иду пить кофе. Завтра новая попытка.",0,"{'price':17250,'volatility':0.029,'fear_greed_index':28}","hold",0.1,-0.008
2026-07-17 14:00:44,msg_0383,user_KO,"Использую только лимитные ордера на вход. Рыночные – только для выхода. Это дисциплинирует. Сегодня всё чётко.",0,"{'price':17380,'volatility':0.016,'fear_greed_index':34}","hold",0.1,0.004
2026-07-17 15:00:33,msg_0384,user_KP,"Рынок в боковике третий час. Не торгую, так как моя стратегия работает только на тренде. Пошёл заниматься спортом.",0,"{'price':17410,'volatility':0.009,'fear_greed_index':33}","hold",0.0,0.0
2026-07-18 09:10:22,msg_0385,user_KQ,"Перед сделкой проверил уровни на недельном графике. Они совпадают с часовым. Вхожу с уверенностью. Профит 1.5%.",0,"{'price':17500,'volatility':0.022,'fear_greed_index':42}","hold",0.1,0.015
2026-07-18 10:05:55,msg_0386,user_KR,"Установил дневной лимит убытка 1%. Достиг на первой сделке. Закрыл терминал. Без сожалений.",0,"{'price':17300,'volatility':0.035,'fear_greed_index':30}","hold",0.2,-0.01
2026-07-18 11:00:33,msg_0387,user_KS,"Сегодня торгую только бумажным счётом – тестирую новую стратегию. Реальный счёт не трогаю. Безопасно.",0,"{'price':17420,'volatility':0.018,'fear_greed_index':35}","hold",0.0,0.0
2026-07-18 12:00:22,msg_0388,user_KT,"Сигнал на покупку, но я не выспался. По правилу – не торгую. Пропускаю. Сигнал был ложный. Хорошее решение.",0,"{'price':17390,'volatility':0.021,'fear_greed_index':34}","hold",0.2,0.0
2026-07-18 13:00:55,msg_0389,user_KU,"Закрыл позицию, потому что достиг соотношения риск/прибыль 1:2. Всё по мани-менеджменту. Дисциплина.",0,"{'price':17480,'volatility':0.024,'fear_greed_index':39}","hold",0.1,0.012
2026-07-18 14:00:33,msg_0390,user_KV,"Я не покупаю на новостях, даже если они позитивные. Жду час. Сегодня новость вышла, цена сначала выросла на 1%, потом упала на 2%. Я ничего не потерял.",0,"{'price':17450,'volatility':0.044,'fear_greed_index':48}","hold",0.1,0.0
2026-07-18 15:00:22,msg_0391,user_KW,"Поставил трейлинг-стоп на +1.5%. Цена выросла на 2%, стоп подтянулся, сработал на +1.5%. Спокойно.",0,"{'price':17600,'volatility':0.028,'fear_greed_index':51}","hold",0.1,0.015
2026-07-18 16:00:44,msg_0392,user_KX,"Ни одной сделки сегодня – не было сигнала по системе. Раньше я бы зашёл от скуки, сейчас – нет. Прогресс.",0,"{'price':17410,'volatility':0.011,'fear_greed_index':34}","hold",0.0,0.0
2026-07-19 09:05:33,msg_0393,user_KY,"Перед входом спрашиваю: «Это сделка по системе или по ощущению?» По системе – вхожу. По ощущению – не вхожу. Сегодня был ответ «по системе». Профит.",0,"{'price':17400,'volatility':0.017,'fear_greed_index':35}","hold",0.1,0.007
2026-07-19 10:00:22,msg_0394,user_KZ,"План: не держать позицию через ночь перед важными данными. Данные завтра утром. Закрыл всё. Утром был гэп вниз на 2%. Сэкономил.",0,"{'price':17380,'volatility':0.033,'fear_greed_index':32}","hold",0.1,0.0
2026-07-19 11:00:55,msg_0395,user_LA,"Уровень сопротивления протестирован дважды. Ставлю лимитник на пробой с подтверждением свечой. Сработало. +1.2%",0,"{'price':17600,'volatility':0.025,'fear_greed_index':47}","hold",0.1,0.012
2026-07-19 12:00:33,msg_0396,user_LB,"Мой стоп-лосс на 17300. Цена дошла до 17299 и сработала. Убыток 0.7%. Не жалею. Стоп есть стоп.",0,"{'price':17299,'volatility':0.030,'fear_greed_index':29}","hold",0.1,-0.007
2026-07-19 13:00:22,msg_0397,user_LC,"Я использую диверсификацию: не более 10% депозита в одной сделке. Сегодня одна сделка пошла против, но я потерял только 0.8% от общего депозита. Спокойствие.",0,"{'price':17350,'volatility':0.026,'fear_greed_index':33}","hold",0.1,-0.008
2026-07-19 14:00:44,msg_0398,user_LD,"Вижу сильный тренд вверх. Не пытаюсь ловить вершину. Просто следую тренду с трейлинг-стопом. Сегодня +2% по позиции.",0,"{'price':17900,'volatility':0.038,'fear_greed_index':72}","hold",0.2,0.02
2026-07-19 15:00:33,msg_0399,user_LE,"Закончил день с +0.9%. Не гнался за сверхприбылью. Такой результат меня устраивает. Главное – не нарушил план.",0,"{'price':17450,'volatility':0.019,'fear_greed_index':38}","hold",0.1,0.009
2026-07-19 16:00:22,msg_0400,user_LF,"Подвожу итог недели: +3.1% при максимальной просадке 1.2%. Дисциплина окупается. Продолжаю в том же духе.",0,"{'price':17430,'volatility':0.016,'fear_greed_index':36}","hold",0.0,0.0
2026-07-20 09:10:33,msg_0401,user_LG,"План: покупать при пробое 17500 с объёмом >1000. Пробой был, объём 1200. Вошёл. Стоп на 17450. Профит 1.2% за час.",0,"{'price':17500,'volatility':0.024,'fear_greed_index':44}","system_trade",0.1,0.012
2026-07-20 09:55:22,msg_0402,user_LH,"Уровень 17350 – поддержка. Поставил лимитник на 17355. Сработал. Стоп на 17300. Цена упала до 17310 и пошла вверх. В плюсе.",0,"{'price':17355,'volatility':0.022,'fear_greed_index':31}","limit_buy",0.1,0.008
2026-07-20 10:45:44,msg_0403,user_LI,"Сегодня у меня только одна сделка по плану. Сделал, закрыл с +0.6%. Дальше не торгую, чтобы не пересидеть.",0,"{'price':17420,'volatility':0.015,'fear_greed_index':35}","one_trade",0.1,0.006
2026-07-20 11:35:33,msg_0404,user_LJ,"Вижу, что коллега торгует опционы с плечом 10х. Я придерживаюсь своей стратегии с плечом 1х. Спокойнее и надёжнее.",0,"{'price':17400,'volatility':0.032,'fear_greed_index':36}","no_compare",0.1,0.0
2026-07-20 12:30:22,msg_0405,user_LK,"Стоп-лосс на 17280. Цена дошла до 17279, сработал. Убыток 0.6%. Не двигал стоп, не жалею. Дисциплина.",0,"{'price':17279,'volatility':0.028,'fear_greed_index':27}","stop_hit",0.2,-0.006
2026-07-20 13:25:55,msg_0406,user_LL,"По системе я должен был выйти при +1%. Вышел. Дальше цена выросла ещё на 1.5%. Не жалею – система есть система.",0,"{'price':17520,'volatility':0.026,'fear_greed_index':46}","take_profit",0.1,0.01
2026-07-20 14:20:33,msg_0407,user_LM,"Новость вышла нейтральная, но цена дёрнулась. Я не вхожу в первые 30 минут после новости. Подождал, вошёл на откате. Профит 0.9%.",0,"{'price':17430,'volatility':0.039,'fear_greed_index':37}","delay_news",0.2,0.009
2026-07-20 15:15:22,msg_0408,user_LN,"Перед сделкой проверил календарь – через час выступление главы ФРС. Не вхожу. Буду в кэше до завтра. Избежал волатильности.",0,"{'price':17410,'volatility':0.027,'fear_greed_index':34}","avoid_event",0.1,0.0
2026-07-20 16:10:44,msg_0409,user_LO,"Закончил день с +0.4%. Мало, но стабильно. Не гнался. Завтра будет больше.",0,"{'price':17390,'volatility':0.013,'fear_greed_index':33}","small_green",0.1,0.004
2026-07-21 09:05:33,msg_0410,user_LP,"Утренняя сессия: цена пробила уровень вверх, но на низком объёме. Не вхожу. Через час цена вернулась обратно. Правильное решение.",0,"{'price':17450,'volatility':0.021,'fear_greed_index':36}","volume_filter",0.2,0.0
2026-07-21 10:00:22,msg_0411,user_LQ,"Мой дневной лимит убытка – 1%. Сегодня первая сделка дала -0.9%. Закрываю терминал. Сохранил 99% капитала.",0,"{'price':17200,'volatility':0.030,'fear_greed_index':25}","daily_loss_stop",0.1,-0.009
2026-07-21 11:00:55,msg_0412,user_LR,"Использую скользящие средние 20 и 50. Сегодня было пересечение вверх. Вошёл с трендом. Прибыль 1.5%.",0,"{'price':17600,'volatility':0.024,'fear_greed_index':52}","ma_cross",0.1,0.015
2026-07-21 12:00:33,msg_0413,user_LS,"Я не торгую в пятницу, особенно 13-го. Сегодня пятница, 13-е. Сижу в кэше. Рынок упал на 2% – я ничего не потерял.",0,"{'price':17000,'volatility':0.045,'fear_greed_index':18}","superstitious_rule",0.0,0.0
2026-07-21 13:00:22,msg_0414,user_LT,"Тейк-профит сработал на +1.2%. Цена потом ушла вверх ещё на 0.8%, но я не жалею. Лучше зафиксировать, чем потом жалеть.",0,"{'price':17480,'volatility':0.023,'fear_greed_index':41}","tp_hit",0.1,0.012
2026-07-21 14:00:44,msg_0415,user_LU,"Сигнал на покупку, но время 16:55 – за 5 минут до закрытия сессии. Не вхожу – не люблю держать через ночь. Утром гэп вниз – сэкономил.",0,"{'price':17350,'volatility':0.025,'fear_greed_index':34}","avoid_overnight",0.1,0.0
2026-07-21 15:00:33,msg_0416,user_LV,"Уровень сопротивления 17700. Цена подошла, я не шорчу, а просто жду. Пробоя не случилось. Сохранил капитал.",0,"{'price':17680,'volatility':0.018,'fear_greed_index':58}","hold",0.1,0.0
2026-07-21 16:00:22,msg_0417,user_LW,"Пересмотрел свои сделки за месяц: 80% прибыльных, 20% убыточных. Убытки – в рамках плана. Всё идёт хорошо.",0,"{'price':17420,'volatility':0.014,'fear_greed_index':35}","review",0.0,0.0
2026-07-22 09:10:55,msg_0418,user_LX,"Перед входом я дышу 5 раз глубоко. Это убирает импульс. Сегодня помогло – не вошёл в ложный пробой.",0,"{'price':17380,'volatility':0.020,'fear_greed_index':33}","breathing",0.2,0.0
2026-07-22 10:05:33,msg_0419,user_LY,"План: покупать при откате к 17250 с подтверждением. Дождался, купил. Стоп на 17200. Профит 1.8% за два часа.",0,"{'price':17250,'volatility':0.027,'fear_greed_index':26}","pullback",0.1,0.018
2026-07-22 11:00:22,msg_0420,user_LZ,"После двух убытков подряд я уменьшаю лот в два раза. Сегодня так и сделал. Третья сделка была убыточной, но убыток маленький.",0,"{'price':17300,'volatility':0.025,'fear_greed_index':30}","reduce_size",0.2,-0.004
2026-07-22 12:00:44,msg_0421,user_MA,"Я не торгую в периоды низкой волатильности (ATR<10). Сегодня ATR=8. Не торгую. Рынок был во флэте – ничего не потерял.",0,"{'price':17410,'volatility':0.008,'fear_greed_index':34}","low_vol_skip",0.0,0.0
2026-07-22 13:00:33,msg_0422,user_MB,"Стоп-лосс на 17150. Цена коснулась 17151 и ушла вверх. Рука дернулась подвинуть стоп, но я не поддался. Остался в позиции, сейчас в плюсе.",0,"{'price':17151,'volatility':0.033,'fear_greed_index':23}","hold_stop",0.3,0.011
2026-07-22 14:00:22,msg_0423,user_MC,"Заработал +2.5% за утро. По правилу «после крупной прибыли – закрывайся на час». Сделал перерыв. Вернулся – рынок упал. Я не участвовал. Сэкономил.",0,"{'price':17500,'volatility':0.039,'fear_greed_index':48}","profit_pause",0.2,0.025
2026-07-22 15:00:55,msg_0424,user_MD,"Использую только один таймфрейм – 1 час. Не переключаюсь. Меньше шума – лучше решения. Сегодня сделка по часовкам дала +1%",0,"{'price':17420,'volatility':0.019,'fear_greed_index':36}","single_tf",0.1,0.01
2026-07-22 16:00:33,msg_0425,user_ME,"Подвожу итоги дня: +0.7%, 2 сделки, обе по плану. Ни одной эмоциональной. Доволен собой.",0,"{'price':17400,'volatility':0.015,'fear_greed_index':35}","daily_summary",0.1,0.007
2026-07-23 09:10:22,msg_0426,user_MF,"Перед сделкой проверяю три вещи: стоп, цель, размер позиции. Всё на месте – вхожу. Сегодня профит 0.9%.",0,"{'price':17430,'volatility':0.018,'fear_greed_index':36}","triple_check",0.1,0.009
2026-07-23 10:05:44,msg_0427,user_MG,"Вижу сильный рост на новостях. Не покупаю – жду отката. Откат был, купил, профит 1.3% через час.",0,"{'price':17550,'volatility':0.044,'fear_greed_index':54}","wait_pullback_news",0.2,0.013
2026-07-23 11:00:33,msg_0428,user_MH,"Рынок в сильном тренде вниз. Я не ловлю нож, а жду разворота с подтверждением. Подтверждения нет – не вхожу. Сохранил капитал.",0,"{'price':16800,'volatility':0.058,'fear_greed_index':14}","no_knife",0.2,0.0
2026-07-23 12:00:22,msg_0429,user_MI,"Достиг дневного лимита убытка (1.5%) на второй сделке. Выключил терминал. Без сожалений. Завтра новый день.",0,"{'price':17100,'volatility':0.041,'fear_greed_index':21}","loss_limit",0.1,-0.015
2026-07-23 13:00:55,msg_0430,user_MJ,"Я не использую маржинальную торговлю. Только спот. Даже когда все берут плечо. Сплю спокойно.",0,"{'price':17400,'volatility':0.025,'fear_greed_index':36}","spot_only",0.0,0.0
2026-07-23 14:00:33,msg_0431,user_MK,"Уровень поддержки 17300. Поставил лимитник на 17310 (чуть выше). Сработал. Стоп на 17270. Цена упала до 17280 и пошла вверх. В плюсе.",0,"{'price':17310,'volatility':0.024,'fear_greed_index':30}","limit_offset",0.1,0.007
2026-07-23 15:00:22,msg_0432,user_ML,"После трёх убыточных дней подряд я полностью остановил торговлю на неделю. Анализирую ошибки. Лучше перерыв, чем слив.",0,"{'price':17250,'volatility':0.038,'fear_greed_index':26}","break_after_losses",0.2,0.0
2026-07-23 16:00:44,msg_0433,user_MM,"Торгую по системе «только трендовые сигналы». Сегодня тренда нет – не торгую. Скучно, но безопасно.",0,"{'price':17380,'volatility':0.011,'fear_greed_index':33}","no_trend",0.0,0.0
2026-07-24 09:05:33,msg_0434,user_MN,"Закончил месяц в плюс 4.5%. Всё по плану. Ни одной ночной паники. Дисциплина – главное.",0,"{'price':17450,'volatility':0.017,'fear_greed_index':38}","month_close",0.0,0.0
2026-07-24 10:00:22,msg_0435,user_MO,"Перед сделкой я записываю ожидаемый риск в процентах. Если риск >1% – не вхожу. Сегодня риск был 0.8% – вошёл. Прибыль 0.6%.",0,"{'price':17410,'volatility':0.019,'fear_greed_index':35}","risk_check",0.1,0.006
2026-07-24 11:00:55,msg_0436,user_MP,"Сигнал на шорт, но старший таймфрейм (дневки) вверх. Не вхожу. Расхождение таймфреймов – фильтр.",0,"{'price':17500,'volatility':0.022,'fear_greed_index':44}","htf_filter",0.2,0.0
2026-07-24 12:00:33,msg_0437,user_MQ,"Стоп-лосс на 17200. Сработал, убыток 0.7%. Не злюсь, не мщу. Просто записал в журнал. Следующая сделка – по плану.",0,"{'price':17200,'volatility':0.035,'fear_greed_index':24}","stop_accept",0.1,-0.007
2026-07-24 13:00:22,msg_0438,user_MR,"Я не торгую в период отчётности американских компаний. Слишком много случайных гэпов. Сегодня день отчётов – я в кэше.",0,"{'price':17420,'volatility':0.052,'fear_greed_index':39}","earnings_blackout",0.0,0.0
2026-07-24 14:00:44,msg_0439,user_MS,"Использую автоматический расчёт размера позиции исходя из волатильности. Сегодня волатильность выросла – уменьшил лот. Убыток получился меньше ожидаемого.",0,"{'price':17350,'volatility':0.041,'fear_greed_index':33}","vol_position",0.1,-0.004
2026-07-24 15:00:33,msg_0440,user_MT,"Подвожу итоги недели: +2.1%, просадка 0.9%. План выполнен. Выходные – отдых от графиков.",0,"{'price':17400,'volatility':0.014,'fear_greed_index':36}","weekly_win",0.0,0.0
2026-07-25 09:10:22,msg_0441,user_MU,"Перед открытием рынка проверяю свои уровни. Сегодня всё совпало. Вхожу по плану. Профит 0.8% за первый час.",0,"{'price':17430,'volatility':0.019,'fear_greed_index':37}","prep_pays",0.1,0.008
2026-07-25 10:05:55,msg_0442,user_MV,"Вижу, как цена делает новый максимум. У меня нет позиции. Не догоняю. Жду отката. Откат случился, купил, профит 1.1%",0,"{'price':17650,'volatility':0.031,'fear_greed_index':55}","no_chase",0.2,0.011
2026-07-25 11:00:33,msg_0443,user_MW,"Мой робот дал сигнал, но я проверил вручную – новостной фон негативный. Пропускаю. Сигнал оказался ложным. Человеческий контроль работает.",0,"{'price':17380,'volatility':0.028,'fear_greed_index':32}","manual_check",0.2,0.0
2026-07-25 12:00:22,msg_0444,user_MX,"Установил правило: не более 2 сделок в день. Сегодня сделал 2, обе прибыльные. Закрыл терминал. Жадность побеждена.",0,"{'price':17450,'volatility':0.018,'fear_greed_index':38}","two_trade_limit",0.1,0.012
2026-07-25 13:00:44,msg_0445,user_MY,"Стоп-лосс на 17150. Цена дошла до 17149, сработал. Убыток 0.8%. Не пытаюсь отыграться. Иду обедать.",0,"{'price':17149,'volatility':0.036,'fear_greed_index':22}","loss_accept",0.2,-0.008
2026-07-25 14:00:33,msg_0446,user_MZ,"Я веду дневник «почему я не вошёл в сделку». Сегодня было три причины – все обоснованные. Журнал помогает избегать импульсов.",0,"{'price':17410,'volatility':0.015,'fear_greed_index':35}","journal_skip",0.2,0.0
2026-07-25 15:00:22,msg_0447,user_NA,"Сегодня день без торговли – учусь новому индикатору. Обучение важнее сиюминутной прибыли.",0,"{'price':17400,'volatility':0.012,'fear_greed_index':34}","study_day",0.0,0.0
2026-07-25 16:00:55,msg_0448,user_NB,"Закончил день с +0.5% на споте. Без плеча. Маленькая, но уверенная зелень.",0,"{'price':17390,'volatility':0.016,'fear_greed_index':35}","spot_green",0.1,0.005
2026-07-20 09:30:44,msg_0449,user_NC,"План был закрыть при -1%, но я решил подождать. Дождался -4%. Опять нарушил свой стоп. Какой же я слабовольный.",1,"{'price':16900,'volatility':0.062,'fear_greed_index':16}","stop_violation",0.9,-0.04
2026-07-21 10:20:33,msg_0450,user_ND,"Увидел зелёную свечу 5% за 5 минут, влетел по рынку на всю котлету. Тут же -4%. Типичный FOMO на хаях.",1,"{'price':18200,'volatility':0.065,'fear_greed_index':88}","fomo_buy",0.8,-0.09
2026-07-22 11:45:22,msg_0451,user_NE,"Проиграл сделку, разозлился, открыл шорт с двойным объёмом. Цена пошла вверх, потерял в два раза больше. Месть не удалась.",1,"{'price':17450,'volatility':0.048,'fear_greed_index':41}","revenge_trade",0.9,-0.12
2026-07-23 13:30:55,msg_0452,user_NF,"Усреднил убыток на 17300, потом на 17200, потом на 17100. Средняя 17200, цена 16800. Потерял 25% депозита. Усреднение убило.",1,"{'price':16800,'volatility':0.085,'fear_greed_index':10}","averaging_down",1.0,-0.25
2026-07-24 14:55:33,msg_0453,user_NG,"Было +6% по позиции. Жадность не дала закрыть – думал, будет 10%. Цена ушла в минус, закрыл в ноль. Бесплатный урок.",1,"{'price':17350,'volatility':0.042,'fear_greed_index':43}","greedy_hold",0.8,0.0
2026-07-25 09:40:22,msg_0454,user_NH,"Мой стоп стоял на 17200, цена почти дошла, я передвинул на 17100. Выбило на 17100. Потерял в два раза больше. Идиот.",1,"{'price':17100,'volatility':0.052,'fear_greed_index':23}","moving_stop",1.0,-0.10
2026-07-26 12:10:44,msg_0455,user_NI,"После большого проигрыша решил отыграться одной сделкой. Поставил 70% депозита. Цена против – ликвидация. Потерял почти всё.",1,"{'price':16600,'volatility':0.078,'fear_greed_index':12}","martingale_revenge",1.0,-0.30
2026-07-27 10:05:33,msg_0456,user_NJ,"Сигнал на покупку был, но я испугался и не вошёл. Цена улетела на 4% вверх. От злости купил на пике – тут же -3%. Двойная ошибка.",1,"{'price':18400,'volatility':0.058,'fear_greed_index':92}","fear_miss_then_fomo",0.9,-0.08
2026-07-28 15:20:22,msg_0457,user_NK,"Не поставил стоп-лосс, потому что «уверен». Рынок резко развернулся, досидел до -12%. Стопы – это жизнь.",1,"{'price':16400,'volatility':0.088,'fear_greed_index':9}","no_stop",1.0,-0.12
2026-07-29 11:30:55,msg_0458,user_NL,"Три победы подряд вскружили голову. Увеличил лот в 4 раза. Первая же сделка – убыток, перекрывший все предыдущие победы. Гордыня.",1,"{'price':17600,'volatility':0.044,'fear_greed_index':56}","overconfidence",0.9,-0.10
2026-07-30 09:50:33,msg_0459,user_NM,"Увидел новость о партнёрстве, купил, не глядя. Оказалось, новость была уже в цене. Цена упала на 5% за час. Покупать новости на хаях – смерть.",1,"{'price':18300,'volatility':0.072,'fear_greed_index':86}","news_buy_high",0.8,-0.13
2026-07-31 14:25:11,msg_0460,user_NN,"Сигнал был на шорт, но я решил подождать лучшей цены. Цена упала на 3% без меня. От досады купил, думал отскочит. Не отскочило, потерял.",1,"{'price':17150,'volatility':0.048,'fear_greed_index':24}","miss_then_reverse",0.8,-0.07
2026-08-01 10:15:44,msg_0461,user_NO,"Я торговал без правил – просто нажимал buy/sell по настроению. Результат: -8% за час. Без системы ты лудоман.",1,"{'price':17300,'volatility':0.045,'fear_greed_index':31}","no_system",0.9,-0.08
2026-08-02 13:40:22,msg_0462,user_NP,"Услышал от знакомого про «верный сигнал». Поверил, купил. Сигнал оказался фейком, -15% за день. Никогда не слушайте чужих сигналов.",1,"{'price':0.5,'volatility':0.110,'fear_greed_index':62}","friend_signal",0.8,-0.15
2026-08-03 16:55:33,msg_0463,user_NQ,"Передвинул тейк-профит выше, потому что «чувствую». Цена развернулась за 1 пункт до нового тейка. Прибыль 4% превратилась в убыток 1%. Жадность.",1,"{'price':17700,'volatility':0.041,'fear_greed_index':61}","moving_tp",0.7,-0.05
2026-08-04 12:20:44,msg_0464,user_NR,"Сидел в сделке с убытком 3%, надеясь на разворот. Разворота не было. Закрыл на -10%. Надежда без плана – враг.",1,"{'price':16200,'volatility':0.082,'fear_greed_index':8}","hope_hold",1.0,-0.10
2026-08-12 16:00:55,msg_0498,user_OZ,"Сегодня не было ни одного сигнала по моей системе. Вместо того чтобы торговать от скуки, пошёл читать книгу. Лучший трейд – не трейд.",0,"{'price':17390,'volatility':0.011,'fear_greed_index':34}","no_signal_book",0.0,0.0
2026-08-13 09:05:33,msg_0499,user_PA,"Перед открытием рынка я медитирую 5 минут. Это убирает утреннюю тревожность. Сегодня помогло – спокойно вошёл в сделку и закрыл в плюс.",0,"{'price':17410,'volatility':0.018,'fear_greed_index':35}","meditation",0.2,0.005
2026-08-13 10:00:22,msg_0500,user_PB,"Завершаю 500-ю запись датасета. Подвожу итог: дисциплина и следование плану дали +8% за два месяца. Продолжаю в том же духе.",0,"{'price':17450,'volatility':0.016,'fear_greed_index':38}","milestone",0.0,0.0
2026-08-13 11:00:33,msg_0501,user_PC,"Внезапно цена рухнула на 25% за 15 минут. Новостей нет. Мои стопы сработали на 17400, я вышел с убытком 2% от депозита. Не паникую, не лезу покупать. Жду прояснения.",0,"{'price':13200,'volatility':0.210,'fear_greed_index':5}","stop_saved",0.2,-0.02
2026-08-13 11:05:22,msg_0502,user_PD,"У всех паника, биржа зависла. Я не могу закрыть позицию. Вместо того чтобы биться в истерике, делаю скриншоты и пишу в поддержку. Хладнокровие.",0,"{'price':12800,'volatility':0.280,'fear_greed_index':4}","technical_panic",0.1,0.0
2026-08-13 11:10:44,msg_0503,user_PE,"СМИ пишут «крупнейший хак биржи, все средства украдены». Я проверяю официальный канал – это фейк. Не продаю. Через 10 минут опровержение, цена отскочила на 15%.",0,"{'price':13500,'volatility':0.250,'fear_greed_index':6}","fake_news_hold",0.3,0.08
2026-08-13 11:20:33,msg_0504,user_PF,"Мой приятель в панике продал всё на дне. Я ничего не делаю – просто наблюдаю. Моя стратегия долгосрочная, я не реагирую на шумы. Через час цена восстановилась на 10%.",0,"{'price':14500,'volatility':0.180,'fear_greed_index':9}","long_term_hold",0.1,0.0
2026-08-13 11:35:55,msg_0505,user_PG,"Биржа возобновила работу. Я вижу аномальные спреды – не торгую, пока всё не устаканится. Многие кинулись покупать «дно» и потеряли ещё 10% на проскальзываниях.",0,"{'price':14000,'volatility':0.150,'fear_greed_index':8}","avoid_chaos",0.2,0.0
2026-08-13 12:00:00,msg_0506,user_PH,"Официальное заявление: ложная новость, никакого взлома. Рынок отскакивает на 20% за час. Я не купил на дне – и не жалею. Мои правила запрещают торговать в панике.",0,"{'price':15500,'volatility':0.140,'fear_greed_index':15}","no_bottom_fishing",0.1,0.0
2026-08-13 12:45:22,msg_0507,user_PI,"Сегодня я потерял 2% из-за стопов. Но если бы не стопы, потерял бы 20%. Спокойно закрываю терминал, восстанавливаю нервы.",0,"{'price':15800,'volatility':0.095,'fear_greed_index':18}","stop_thankful",0.2,-0.02
2026-08-14 09:10:33,msg_0508,user_PJ,"Ночью цена упала ещё на 10% из-за новости о запрете крипты в Китае. У меня не было позиций – я в кэше с вечера. Рациональное решение не держать через ночь.",0,"{'price':14000,'volatility':0.120,'fear_greed_index':7}","overnight_cash",0.1,0.0
2026-08-14 09:55:44,msg_0509,user_PK,"Вижу, как многие шортят на новости. Я не шорчу – запрет уже отыгран? Не уверен – остаюсь в стороне. Цена развернулась и пошла вверх, шортисты в минусе.",0,"{'price':14200,'volatility':0.100,'fear_greed_index':10}","no_short_news",0.2,0.0
2026-08-14 10:40:22,msg_0510,user_PL,"Выходят реальные данные: запрет не такой жёсткий. Рынок резко растёт. Я покупаю на подтверждении, а не на слухах. Профит 5% за два часа.",0,"{'price':16000,'volatility':0.110,'fear_greed_index':25}","confirm_buy",0.2,0.05
2026-08-14 11:30:55,msg_0511,user_PM,"Я пережил сегодняшнее падение без единой эмоциональной сделки. Только по плану. Даже горжусь собой.",0,"{'price':16500,'volatility':0.080,'fear_greed_index':30}","calm_survivor",0.1,0.0
2026-08-14 12:20:33,msg_0512,user_PN,"Потерял доступ к аккаунту из-за сбоя 2FA. Вместо паники восстанавливаю через поддержку. Рынок идёт вверх, но я не дёргаюсь. Безопасность важнее.",0,"{'price':16800,'volatility':0.045,'fear_greed_index':35}","account_security",0.1,0.0
2026-08-15 09:00:22,msg_0513,user_PO,"Сегодня крупный банк объявил о покупке биткоинов. Цена +15% за час. Я не покупаю на новости – жду отката. Откат будет? Посмотрим.",0,"{'price':19000,'volatility':0.090,'fear_greed_index':72}","news_skip",0.1,0.0
2026-08-15 10:15:44,msg_0514,user_PP,"Мой ордер на покупку не сработал из-за проскальзывания, я не стал гнаться по рынку. Через час цена упала на 3%. Экономия.",0,"{'price':18700,'volatility':0.065,'fear_greed_index':68}","slippage_skip",0.1,0.0
2026-08-15 11:10:33,msg_0515,user_PQ,"Кто-то случайно отправил огромный market sell, просадка 8% за минуту. Я не продаю, смотрю на стакан – объёмы быстро восстанавливаются. Через 5 минут цена вернулась.",0,"{'price':17500,'volatility':0.120,'fear_greed_index':45}","fat_finger_ignore",0.2,0.0
2026-08-16 09:30:55,msg_0516,user_PR,"Сегодня у меня технический день: обновляю стопы, проверяю API, делаю бэкапы. Торговли нет. Подготовка предотвращает панику.",0,"{'price':18000,'volatility':0.030,'fear_greed_index':58}","maintenance_day",0.0,0.0
2026-08-16 10:45:22,msg_0517,user_PS,"Регулятор выпустил предупреждение о маржинальной торговле. Многие закрывают позиции. У меня плечо 1:1 – мне всё равно. Спокойствие.",0,"{'price':17600,'volatility':0.055,'fear_greed_index':42}","low_leverage_calm",0.1,0.0
2026-08-16 12:00:33,msg_0518,user_PT,"Внезапно отключили интернет. У меня нет мобильного интернета. Ничего не могу сделать. Принимаю, что сделки остаются как есть. Через час интернет вернулся – всё нормально.",0,"{'price':17700,'volatility':0.025,'fear_greed_index':48}","outage_accept",0.2,0.0
2026-08-17 09:05:44,msg_0519,user_PU,"Появился слух, что крупная биржа заблокирует вывод средств. Я проверяю – слух от неизвестного источника. Не реагирую. Слух оказался фейком.",0,"{'price':17900,'volatility':0.048,'fear_greed_index':52}","rumor_ignore",0.2,0.0
2026-08-17 10:20:33,msg_0520,user_PV,"Экстремальная волатильность: цена колеблется на 10% каждые 10 минут. Я не торгую совсем. Жду стабилизации. Большинство в такие моменты сливают депозиты.",0,"{'price':17000,'volatility':0.170,'fear_greed_index':25}","volatility_sit_out",0.0,0.0
2026-08-17 11:55:22,msg_0521,user_PW,"У меня сработал тейк-профит на +3% прямо перед обвалом. Если бы я перенёс тейк выше – потерял бы всё. Везение? Нет, дисциплина.",0,"{'price':17400,'volatility':0.095,'fear_greed_index':30}","tp_lucky",0.1,0.03
2026-08-18 09:40:33,msg_0522,user_PX,"Сегодня крупный инфлюенсер написал «биткоин уйдёт на 5к». Тысячи людей продали. Я посмотрел его историю прогнозов – точность 30%. Не продал. Цена выросла на 8%",0,"{'price':16500,'volatility':0.070,'fear_greed_index':20}","ignore_influencer",0.2,0.08
2026-08-18 10:55:44,msg_0523,user_PY,"Мой стоп-лосс сработал на 16200, убыток 1.5%. Я не жалею, потому что цена потом упала до 15000. Стоп спас от большего.",0,"{'price':16200,'volatility':0.080,'fear_greed_index':18}","stop_saved_bigger",0.1,-0.015
2026-08-18 12:30:55,msg_0524,user_PZ,"Вижу, как маржин-коллы выносят длинные позиции. У меня нет плеча – я в безопасности. Рад, что не поддался на уговоры взять кредитное плечо.",0,"{'price':15500,'volatility':0.110,'fear_greed_index':12}","no_leverage_safe",0.1,0.0
2026-08-19 09:20:11,msg_0525,user_QA,"Биржа объявила о технических работах на 2 часа. Я заранее вывел средства в кэш. Многие остались в позициях и не могли закрыть – потеряли.",0,"{'price':16000,'volatility':0.065,'fear_greed_index':16}","pre_maintenance",0.1,0.0
2026-08-19 10:45:33,msg_0526,user_QB,"Новость: крупный хедж-фонд ликвидирует все позиции из-за регуляторного давления. Цена падает на 5%. Я не продаю, смотрю на фундаменталы – они не изменились.",0,"{'price':15200,'volatility':0.090,'fear_greed_index':11}","fundamental_hold",0.2,0.0
2026-08-19 12:05:22,msg_0527,user_QC,"Сегодня я ничего не делал, просто наблюдал. Экстремальные движения – время для терпения. В конце дня рынок восстановился на 3% без моего участия.",0,"{'price':15800,'volatility':0.085,'fear_greed_index':14}","do_nothing_day",0.0,0.0
2026-08-20 09:30:44,msg_0528,user_QD,"Цена пробила исторический максимум. Все кричат «ракета». Я не покупаю, потому что RSI >95 и объёмы падают. Остаюсь в стороне. Цена скорректировалась на 8% через час.",0,"{'price':21000,'volatility':0.080,'fear_greed_index':95}","overbought_skip",0.2,0.0
2026-08-20 10:55:33,msg_0529,user_QE,"Моя стратегия – покупать только на сильных поддержках. Сегодня поддержка на 19000. Цена подошла, я купил, стоп на 18800. Профит 4%",0,"{'price':19000,'volatility':0.065,'fear_greed_index':85}","support_buy",0.1,0.04
2026-08-20 12:20:22,msg_0530,user_QF,"Сегодня я потерял 0.8% на споте, потому что рынок был пилой. Не стал отыгрываться, закрыл терминал. Месяц в плюсе 2.5% – нормально.",0,"{'price':19500,'volatility':0.060,'fear_greed_index':78}","accept_small_loss",0.1,-0.008
2026-08-21 09:15:33,msg_0531,user_QG,"Новость: крупнейший майнер продал 10k BTC. Цена падает на 3%. Я не продаю, потому что это разовая продажа, не фундаментальная проблема. Через день цена вернулась.",0,"{'price':18800,'volatility':0.070,'fear_greed_index':65}","insider_sell_ignore",0.2,0.0
2026-08-21 10:40:44,msg_0532,user_QH,"У меня сбой терминала, не вижу график. Я не пытаюсь торговать вслепую. Закрываю ноутбук и иду гулять. Безопасность важнее упущенной прибыли.",0,"{'price':19000,'volatility':0.045,'fear_greed_index':70}","terminal_down",0.0,0.0
2026-08-21 12:05:55,msg_0533,user_QI,"Эксперты предсказывают падение до 15000. Я смотрю на их предыдущие прогнозы – все ошиблись. Игнорирую, держу позицию. Цена выросла до 20000 через неделю.",0,"{'price':19200,'volatility':0.050,'fear_greed_index':72}","expert_ignore",0.2,0.0
2026-08-22 09:55:22,msg_0534,user_QJ,"Внезапно цена рухнула на 40% за 30 минут из-за ложной новости о запрете майнинга в США. Мои стопы сработали на 17000, убыток 2%. Не паникую, жду опровержения. Опровергли, цена отскочила, но я уже в кэше – не жалко, риск был контролируем.",0,"{'price':12500,'volatility':0.320,'fear_greed_index':3}","stop_loss_work",0.2,-0.02
2026-08-22 10:30:33,msg_0535,user_QK,"Сегодняшнее падение было имитацией. Я сохранил хладнокровие, не продал на дне, но и не купил – просто смотрел. Лучшее решение в такой неразберихе.",0,"{'price':15000,'volatility':0.250,'fear_greed_index':8}","calm_observer",0.1,0.0
2026-08-22 11:45:44,msg_0536,user_QL,"У меня была сделка на 10% депозита. Во время обвала я не закрыл, потому что стоп стоял. Сработал, убыток 1.5%. Если бы не стоп, потерял бы 15%. Стоп – друг.",0,"{'price':14500,'volatility':0.220,'fear_greed_index':6}","stop_friend",0.2,-0.015
2026-08-23 09:10:22,msg_0537,user_QM,"Сегодня после вчерашнего обвала рынок консолидируется. Я не торгую – восстанавливаю нервную систему. Медитация и прогулка.",0,"{'price':15200,'volatility':0.080,'fear_greed_index':12}","mental_recovery",0.0,0.0
2026-08-23 10:25:55,msg_0538,user_QN,"Анализирую вчерашние действия: стопы сработали правильно, ни одной эмоциональной сделки. Я доволен собой. Даже в кризис сохранил дисциплину.",0,"{'price':15500,'volatility':0.070,'fear_greed_index':15}","post_crisis_review",0.1,0.0
2026-08-13 11:02:33,msg_0539,user_QO,"Цена рухнула на 30%! Я в панике продал всё по рынку, даже не посмотрел на объёмы. Оказалось, ложная новость. Через час цена отскочила на 25%, а я остался с огромным убытком. Паника меня убила.",1,"{'price':13000,'volatility':0.280,'fear_greed_index':4}","panic_sell_bottom",0.9,-0.18
2026-08-13 11:08:22,msg_0540,user_QP,"Увидел обвал, подумал «дно», купил на всю котлету с плечом 5х. Цена упала ещё на 20%, меня ликвидировали. Потерял всё. Пытался поймать нож – поймал меч.",1,"{'price':12800,'volatility':0.310,'fear_greed_index':3}","catch_falling_knife",1.0,-0.40
2026-08-13 11:15:44,msg_0541,user_QQ,"Биржа зависла, я не могу закрыть убыточную позицию. В истерике нажимаю на кнопку «закрыть» 100 раз. Когда биржа ожила, позиция уже была в маржин-колле. Потерял 50% депозита.",1,"{'price':12500,'volatility':0.300,'fear_greed_index':4}","technical_tilt",1.0,-0.35
2026-08-14 09:20:33,msg_0542,user_QR,"Ночью цена упала ещё на 15%. Я проснулся, увидел минус 20% по позиции, вскочил и продал на открытии. Цена тут же пошла вверх на 10%. Утро вечера мудренее – но я не дождался.",1,"{'price':13800,'volatility':0.150,'fear_greed_index':8}","morning_panic",0.8,-0.12
2026-08-14 10:50:22,msg_0543,user_QS,"Услышал слух о запрете крипты, продал всё, даже не проверив. Слух оказался фейком, цена отскочила на 12%. Я потерял 8% на ровном месте. Дурак.",1,"{'price':14100,'volatility':0.120,'fear_greed_index':9}","rumor_panic",0.9,-0.10
2026-08-15 09:45:33,msg_0544,user_QT,"Банк купил биткоин – ракета! Я купил на максимуме. Тут же коррекция 5%. Зачем я всегда опаздываю на поезд?",1,"{'price':19500,'volatility':0.090,'fear_greed_index':78}","news_fomo",0.8,-0.06
2026-08-16 10:30:55,msg_0545,user_QU,"Регулятор выпустил предупреждение о маржинальной торговле. У меня плечо 10х. Я не закрыл, подумал «пронесёт». Меня ликвидировало через час. Потерял 60% депозита.",1,"{'price':17300,'volatility':0.080,'fear_greed_index':40}","ignore_regulation",1.0,-0.35
2026-08-17 11:10:22,msg_0546,user_QV,"Увидел, как кто-то крупно продал, последовал за ним, продал с убытком. Оказалось, это был ошибочный ордер. Цена вернулась, а я зафиксировал потерю. Стадное чувство.",1,"{'price':17200,'volatility':0.060,'fear_greed_index':38}","herd_sell",0.7,-0.05
2026-08-18 09:55:44,msg_0547,user_QW,"Инфлюенсер сказал «крипта умрёт». Я запаниковал и продал всё. Через час он написал «это была шутка». Потерял 10% на развороте. Идиотские шутки.",1,"{'price':16400,'volatility':0.070,'fear_greed_index':22}","influencer_panic",0.9,-0.11
2026-08-19 10:20:33,msg_0548,user_QX,"Биржа объявила технические работы через час. У меня была открыта крупная позиция. Я не закрыл, потому что «успею до отключения». Отключились раньше, я не смог закрыть, цена упала на 8% за время простоя. Потерял много.",1,"{'price':15800,'volatility':0.085,'fear_greed_index':16}","ignore_maintenance",1.0,-0.12
2026-08-20 11:40:33,msg_0549,user_QY,"Цена нового максимума – все покупают. Я тоже купил на всю котлету. Тут же обвал на 7%. FOMO на хаях сработал безотказно.",1,"{'price':20800,'volatility':0.090,'fear_greed_index':94}","top_fomo",0.8,-0.09
2026-08-21 09:50:22,msg_0550,user_QZ,"Майнер продал 10k BTC. Я решил, что это начало распродажи, и продал с убытком. Через день цена выросла выше, чем до продажи. Глупость.",1,"{'price':18700,'volatility':0.065,'fear_greed_index':64}","overreact_news",0.7,-0.05
2026-08-22 10:15:55,msg_0551,user_RA,"Внезапный обвал на 40%. Я не поставил стопы, потому что «был уверен в росте». Потерял 30% депозита за час. Без стопов ты не трейдер, ты труп.",1,"{'price':12500,'volatility':0.340,'fear_greed_index':3}","no_stop_loss",1.0,-0.30
2026-08-22 10:45:33,msg_0552,user_RB,"Во время обвала я усреднил убыток, добавился на 15000, потом на 14000, потом на 13000. В итоге средняя 14500, цена 12000. Ликвидация с плечом 3х. Потерял всё. Усреднение убило.",1,"{'price':12000,'volatility':0.320,'fear_greed_index':3}","averaging_crash",1.0,-0.60
2026-08-22 11:05:22,msg_0553,user_RC,"Биржа зависла, я не мог закрыть убыток. В ярости начал открывать новые позиции «в отместку» – все убыточные. Когда биржа ожила, мой депозит был уничтожен. Никогда не торгуйте в тильте.",1,"{'price':12800,'volatility':0.280,'fear_greed_index':4}","revenge_chaos",1.0,-0.45
2026-08-23 09:30:44,msg_0554,user_RD,"После вчерашнего обвала я решил отыграться, взял кредитное плечо 10х на лонг. Рынок упал ещё на 5% – ликвидация. Потерял остатки депозита. Месть рынку не удалась.",1,"{'price':14800,'volatility':0.110,'fear_greed_index':11}","revenge_trade",1.0,-0.25
2026-08-23 10:55:33,msg_0555,user_RE,"Увидел, что цена отскочила на 5% от минимума, подумал «дно подтверждено», купил на все оставшиеся деньги. Цена снова упала на 10%. Я потерял почти всё. Нет такого понятия как «дно» в панике.",1,"{'price':15000,'volatility':0.150,'fear_greed_index':12}","false_bottom",0.9,-0.22
2026-08-24 09:15:22,msg_0556,user_RF,"Сегодня новость: крупная биржа заблокировала вывод на 24 часа. Я запаниковал и продал всё по рынку с убытком 15%. Через час биржа разблокировала вывод, цена вернулась. Паника стоит мне денег.",1,"{'price':16000,'volatility':0.120,'fear_greed_index':22}","withdrawal_panic",0.9,-0.15
2026-08-24 10:40:33,msg_0557,user_RG,"У меня взломали телефон, украли 2FA. Я в истерике пытался торговать с другого устройства, но сделал ошибку – перевёл все средства на чужой кошелёк. Потерял всё. Холодная голова важнее.",1,"{'price':16500,'volatility':0.065,'fear_greed_index':28}","hack_panic",1.0,-1.0
2026-08-25 09:55:44,msg_0558,user_RH,"Сегодня цена резко выросла на 20% за час. Я не выдержал, купил на хаях. Цена упала на 15% через 10 минут. FOMO на ракете.",1,"{'price':20000,'volatility':0.140,'fear_greed_index':88}","rocket_fomo",0.8,-0.12
2026-08-26 11:20:33,msg_0559,user_RI,"Я торговал без плана, просто по настроению. В итоге за день совершил 30 сделок, 28 убыточных. Потерял 25% депозита. Без системы ты просто игрок в рулетку.",1,"{'price':17500,'volatility':0.080,'fear_greed_index':52}","no_system_gamble",0.9,-0.25
2026-08-27 12:45:22,msg_0560,user_RJ,"Увидел, как мой знакомый заработал 50% на шортах. Решил повторить, хотя никогда не шортил. Взял плечо, открыл шорт на максимуме. Цена выросла ещё на 10% – ликвидация. Чужие деньги не мои.",1,"{'price':19000,'volatility':0.090,'fear_greed_index':75}","copy_unknown_strategy",1.0,-0.30
2026-08-28 09:10:33,msg_0561,user_RK,"После недельного кризиса рынок стабилизировался. Я возвращаюсь к торговле с половинным лотом – проверяю систему. Разумная осторожность.",0,"{'price':17000,'volatility':0.045,'fear_greed_index':35}","return_half",0.1,0.0
2026-08-28 10:25:44,msg_0562,user_RL,"План: входить только при ATR>20 и тренде. Сегодня ATR=25, тренд вверх – купил. Прибыль 2%",0,"{'price':17300,'volatility':0.050,'fear_greed_index':42}","atr_trend",0.1,0.02
2026-08-28 11:40:55,msg_0563,user_RM,"Мой стоп сработал на 17100, убыток 0.7%. Не жалею. Стоп – это страховка.",0,"{'price':17100,'volatility':0.040,'fear_greed_index':38}","stop_okay",0.2,-0.007
2026-08-28 13:00:33,msg_0564,user_RN,"Сегодня я не торговал, потому что чувствовал усталость после кризиса. Отдых – важная часть работы.",0,"{'price':17200,'volatility':0.035,'fear_greed_index':40}","rest_day",0.0,0.0
2026-08-29 09:20:22,msg_0565,user_RO,"Цена пробила сопротивление 17500 на объёме. Вошёл по лимитке, стоп на 17400. Прибыль 1.5%",0,"{'price':17500,'volatility':0.038,'fear_greed_index':48}","breakout_volume",0.1,0.015
2026-08-29 10:45:33,msg_0566,user_RP,"Потерял 1% на первой сделке, не увеличиваю лот, остаюсь с тем же риском. Вторая сделка дала +1.2%.",0,"{'price':17350,'volatility':0.032,'fear_greed_index':44}","risk_consistency",0.2,0.012
2026-08-29 12:10:44,msg_0567,user_RQ,"Я веду дневник каждой сделки с эмоциями. Заметил, что после кризиса мои решения стали спокойнее. Прогресс.",0,"{'price':17400,'volatility':0.028,'fear_greed_index':46}","journal_insight",0.1,0.0
2026-08-30 09:35:55,msg_0568,user_RR,"Новость: инфляция снизилась. Рынок растёт на 2%. Я не покупаю на новости, жду час. Цена скорректировалась на 0.5%, вошёл, профит 1%",0,"{'price':17600,'volatility':0.042,'fear_greed_index':58}","news_wait",0.2,0.01
2026-08-30 11:00:33,msg_0569,user_RS,"Закрыл сделку с +0.8%, потому что цель была достигнута. Дальше цена выросла ещё на 1%, но я не жалею. План есть план.",0,"{'price':17550,'volatility':0.030,'fear_greed_index':52}","tp_plan_again",0.1,0.008
2026-08-30 12:25:22,msg_0570,user_RT,"Уровень поддержки 17200. Поставил лимитник на 17210. Сработал. Прибыль 1.2%",0,"{'price':17210,'volatility':0.025,'fear_greed_index':43}","support_limit",0.1,0.012
2026-08-31 09:10:44,msg_0571,user_RU,"Сегодня последний день месяца. Пересматриваю позиции, закрываю все, кто не по плану. Ребаланс.",0,"{'price':17450,'volatility':0.022,'fear_greed_index':48}","month_end",0.1,0.0
2026-08-31 10:35:33,msg_0572,user_RV,"Мой робот дал сигнал на покупку, но я проверил – новостной фон негативный. Пропустил. Сигнал оказался ложным.",0,"{'price':17380,'volatility':0.024,'fear_greed_index':45}","manual_override",0.2,0.0
2026-08-31 12:00:22,msg_0573,user_RW,"Итоги месяца: +3.2%, макс просадка 1.8%. Дисциплина окупилась даже в кризисную неделю.",0,"{'price':17420,'volatility':0.018,'fear_greed_index':46}","month_summary",0.0,0.0
2026-09-01 09:05:33,msg_0574,user_RX,"Новый месяц. Обновляю стопы, пересматриваю уровни. Первая сделка – половинным лотом.",0,"{'price':17400,'volatility':0.016,'fear_greed_index':44}","new_month",0.1,0.0
2026-09-01 10:20:44,msg_0575,user_RY,"Вижу сильное движение вверх после ночи. Не догоняю, жду отката. Откат был, купил, профит 1.5%",0,"{'price':17500,'volatility':0.030,'fear_greed_index':54}","pullback",0.2,0.015
2026-09-01 11:45:55,msg_0576,user_RZ,"Дневной лимит убытка 1%. Сегодня первая сделка дала -0.9%. Выключаю терминал. Дисциплина.",0,"{'price':17250,'volatility':0.035,'fear_greed_index':39}","daily_loss_stop",0.1,-0.009
2026-09-02 09:30:22,msg_0577,user_SA,"Торгую только по тренду на 4H. Тренд вниз – ищу шорты. Не борюсь с трендом.",0,"{'price':17100,'volatility':0.029,'fear_greed_index':34}","trend_follow",0.1,0.0
2026-09-02 10:55:33,msg_0578,user_SB,"Стоп-лосс на 17000. Сработал, убыток 0.6%. Не переживаю. Следующая сделка по плану.",0,"{'price':17000,'volatility':0.033,'fear_greed_index':31}","stop_executed",0.2,-0.006
2026-09-02 12:20:44,msg_0579,user_SC,"Закончил день в ноль. Лучше ноль, чем минус. Завтра новый день.",0,"{'price':17050,'volatility':0.025,'fear_greed_index':33}","breakeven",0.1,0.0
2026-09-03 09:10:55,msg_0580,user_SD,"Перед сделкой дышу 5 раз. Эмоции уходят. Вхожу спокойно. Профит 0.7%",0,"{'price':17150,'volatility':0.022,'fear_greed_index':36}","breathing",0.2,0.007
2026-09-03 10:35:33,msg_0581,user_SE,"Использую отложенные ордера на вход и выход. Сегодня обе лимитки сработали чётко. Без нервов.",0,"{'price':17200,'volatility':0.019,'fear_greed_index':38}","limit_orders",0.1,0.009
2026-09-03 12:00:22,msg_0582,user_SF,"Я не торгую в пятницу после 16:00. Сегодня пятница, 16:00 – закрыл всё. Рынок упал на 1% в последний час – я сэкономил.",0,"{'price':17100,'volatility':0.028,'fear_greed_index':35}","friday_rule",0.0,0.0
2026-09-06 12:00:33,msg_0589,user_SM,"Использую скользящие средние 50/200. Сегодня «золотой крест» – купил. Прибыль 2% за день.",0,"{'price':17400,'volatility':0.030,'fear_greed_index':48}","golden_cross",0.1,0.02
2026-09-07 09:15:44,msg_0590,user_SN,"Сигнал на шорт, но RSI на дневках ниже 30 – перепроданность. Не шорчу. Цена развернулась вверх, я не потерял.",0,"{'price':17300,'volatility':0.028,'fear_greed_index':28}","rsi_filter",0.2,0.0
2026-09-07 10:40:33,msg_0591,user_SO,"Закончил день с +0.5% при трёх сделках. Стабильность. Ни одной эмоциональной.",0,"{'price':17350,'volatility':0.020,'fear_greed_index':36}","stable_day2",0.1,0.005
2026-09-07 12:05:55,msg_0592,user_SP,"Я не торгую на новостях о хакерских атаках. Всегда есть ложные. Сегодня была новость о взломе биржи – оказалось фейк. Я проигнорировал, остался в плюсе.",0,"{'price':17300,'volatility':0.045,'fear_greed_index':33}","hack_news_ignore",0.2,0.0
2026-09-08 09:20:33,msg_0593,user_SQ,"Поставил трейлинг-стоп на +1%. Цена выросла на 1.8%, стоп сработал на +1.2%. Доволен.",0,"{'price':17500,'volatility':0.028,'fear_greed_index':46}","trailing_win",0.1,0.012
2026-09-08 10:45:22,msg_0594,user_SR,"Сегодня у меня день без сделок – учусь новому индикатору VWAP. Образование важнее.",0,"{'price':17400,'volatility':0.016,'fear_greed_index':41}","vwap_study",0.0,0.0
2026-09-08 12:30:44,msg_0595,user_SS,"После двух убыточных дней я не меняю стратегию, просто уменьшаю лот. Терпение.",0,"{'price':17320,'volatility':0.027,'fear_greed_index':36}","patience",0.2,0.0
2026-09-09 09:10:33,msg_0596,user_ST,"Цена пробила поддержку 17200 на объёме. Продал по плану. Прибыль 1.5%",0,"{'price':17200,'volatility':0.033,'fear_greed_index':32}","support_break",0.1,0.015
2026-09-09 10:35:55,msg_0597,user_SU,"Мой стоп сработал на 17100, убыток 0.7%. Не пытаюсь отыграться. Иду пить чай.",0,"{'price':17100,'volatility':0.030,'fear_greed_index':30}","tea_break",0.1,-0.007
2026-09-09 12:00:33,msg_0598,user_SV,"Подвожу итоги недели: +2.1%, просадка 1.1%. Дисциплина работает.",0,"{'price':17150,'volatility':0.024,'fear_greed_index':33}","week_sum",0.0,0.0
2026-09-10 09:25:22,msg_0599,user_SW,"Перед сделкой пишу на стикере: «стоп на 17050, цель 17200». Вешаю на монитор. Сработало чётко.",0,"{'price':17100,'volatility':0.026,'fear_greed_index':35}","sticker_plan",0.1,0.008
2026-09-10 10:50:44,msg_0600,user_SX,"Сегодня торгую только в первой половине дня – по статистике, вторая половина убыточна. Закрылся в 13:00. Практика подтверждает.",0,"{'price':17150,'volatility':0.019,'fear_greed_index':37}","half_day",0.1,0.0
2026-09-01 09:45:33,msg_0601,user_SY,"Проснулся, увидел, что цена упала на 10% за ночь. В панике продал всё на открытии. Через час цена отскочила на 8%. Утро вечера мудренее, но я не дождался.",1,"{'price':15800,'volatility':0.120,'fear_greed_index':14}","night_panic_sell",0.8,-0.10
2026-09-02 10:10:22,msg_0602,user_SZ,"Услышал от «эксперта» в телеграме, что завтра листинг на Binance. Купил на всё, что было. Листинга не было, цена рухнула на 30%. Эксперт удалил канал.",1,"{'price':0.05,'volatility':0.180,'fear_greed_index':65}","insider_scam",0.9,-0.35
2026-09-03 11:30:44,msg_0603,user_TA,"Мой стоп сработал с убытком 1%. Я разозлился и открыл сделку в обратную сторону с двойным объёмом. Цена пошла против – потерял ещё 2%. Месть рынку не удалась.",1,"{'price':17200,'volatility':0.038,'fear_greed_index':34}","revenge_stop",0.9,-0.07
2026-09-04 12:45:33,msg_0604,user_TB,"Был в плюсе 4% по позиции, не закрыл, потому что «будет 10%». Цена развернулась и ушла в минус 5%. Закрыл с убытком. Жадность победила разум.",1,"{'price':16900,'volatility':0.055,'fear_greed_index':28}","greedy_hold_big",0.8,-0.09
2026-09-05 14:20:55,msg_0605,user_TC,"Увидел, как цена быстро идёт вниз, решил шортнуть с плечом 5х. Цена пошла вверх на 2% – ликвидация. Шорт на панике – плохая идея.",1,"{'price':16800,'volatility':0.075,'fear_greed_index':26}","panic_short",1.0,-0.18
2026-09-06 09:55:33,msg_0606,user_TD,"Потерял доступ к аккаунту из-за фишинга. В панике перевёл остатки на незнакомый кошелёк, якобы «для спасения». Украли всё. Холодная голова нужна в любой ситуации.",1,"{'price':17000,'volatility':0.040,'fear_greed_index':32}","phishing_panic",1.0,-0.80
2026-09-07 10:20:22,msg_0607,user_TE,"Новость: крупный банк продаёт все криптоактивы. Я не проверил, что новость двухлетней давности, и продал всё. Цена выросла на 5% после этого. Старая новость убила мой счёт.",1,"{'price':16950,'volatility':0.048,'fear_greed_index':31}","old_news_panic",0.7,-0.07
2026-09-08 11:40:44,msg_0608,user_TF,"Биржа объявила о повышении комиссий. Я в ярости закрыл все позиции, потеряв на спреде 2%. Через час биржа отменила повышение. Эмоциональная реакция.",1,"{'price':17200,'volatility':0.029,'fear_greed_index':39}","fee_hike_rage",0.6,-0.02
2026-09-11 09:15:33,msg_0609,user_TG,"Сегодня день тихой торговли. Одна сделка по системе – +0.6%. Закрыл, пошёл гулять.",0,"{'price':17200,'volatility':0.018,'fear_greed_index':38}","quiet_day",0.1,0.006
2026-11-12 09:10:22,msg_0741,user_YI,"Цена резко упала на 8% за 5 минут. Я в панике продал всё, что было. Оказалось – ложная новость. Через час цена отскочила на 6% без меня. Паника стоила мне 10% депозита.",1,"{'price':15300,'volatility':0.150,'fear_greed_index':18}","panic_sell",0.9,-0.15
2026-11-12 17:30:33,msg_0757,user_YY,"Сигнал на покупку был, но я испугался прошлого убытка и не вошёл. Цена улетела на 8% вверх. От злости купил на хаях – потерял 4%.",1,"{'price':16800,'volatility':0.085,'fear_greed_index':68}","fear_then_revenge",0.9,-0.08
2026-11-13 09:05:22,msg_0758,user_YZ,"Утром цена гэпнула вниз на 5%. Я в панике продал на открытии. Цена тут же отскочила на 4%. Утро вечера мудренее.",1,"{'price':14800,'volatility':0.090,'fear_greed_index':22}","gap_panic",0.8,-0.10
2026-11-13 09:40:44,msg_0759,user_ZA,"Держал убыток в 8%, надеясь на разворот. Разворота не было, досидел до -20%. Надежда без стопа убила.",1,"{'price':14000,'volatility':0.130,'fear_greed_index':12}","hope_hold",1.0,-0.22
2026-11-13 10:20:33,msg_0760,user_ZB,"Потерял доступ к аккаунту из-за того, что забыл пароль. В панике начал тыкать все возможные пароли – аккаунт заблокировали на сутки. Позиция осталась открытой, рынок пошёл против, потерял 15%.",1,"{'price':14600,'volatility':0.100,'fear_greed_index':26}","password_panic",0.7,-0.18
2026-11-13 11:00:55,msg_0761,user_ZC,"Увидел, как крупный ордер покупает, подумал «кит заходит», купил на всё. Ордер исчез, оказался спуфингом. Цена упала на 6%.",1,"{'price':15500,'volatility':0.085,'fear_greed_index':38}","spoofing_trap",0.8,-0.12
2026-11-13 11:45:33,msg_0762,user_ZD,"Я торговал по настроению, без плана. 20 сделок за час, 18 убыточных. Потерял 12% депозита. Без системы ты лудоман.",1,"{'price':15200,'volatility':0.070,'fear_greed_index':34}","no_system_tilt",0.9,-0.14
2026-11-13 12:30:22,msg_0763,user_ZE,"Мне сказали, что «сейчас раздают токены за холд». Перевёл все средства на указанный кошелёк – ничего не получил, кошелёк мошеннический. Потерял всё.",1,"{'price':15000,'volatility':0.040,'fear_greed_index':30}","token_giveaway_scam",1.0,-1.0
2026-11-13 13:15:55,msg_0764,user_ZF,"Проснулся ночью, увидел +12%, подумал «опоздал», купил на максимуме. Тут же коррекция 8%. Ночная FOMO.",1,"{'price':17800,'volatility':0.110,'fear_greed_index':88}","night_fomo",0.8,-0.12
2026-11-13 14:00:33,msg_0765,user_ZG,"Услышал слух, что SEC одобрит ETF завтра. Купил на всё. ETF не одобрили, цена рухнула на 15%. Слухи – лотерея.",1,"{'price':14500,'volatility':0.140,'fear_greed_index':18}","etf_rumor",0.9,-0.25
2026-11-13 14:45:22,msg_0766,user_ZH,"Был в плюсе +5%, но хотел больше, не закрыл. Цена ушла в минус 2%, закрыл с убытком. Жадность пересилила разум.",1,"{'price':16200,'volatility':0.065,'fear_greed_index':55}","greedy_5_to_minus",0.8,-0.07
2026-11-13 15:30:44,msg_0767,user_ZI,"Потерял 3% за день, решил отыграться скальпингом с плечом 3х. За час совершил 30 сделок, все убыточные, потерял ещё 8%. Скальпинг в тильте – смерть.",1,"{'price':15300,'volatility':0.080,'fear_greed_index':36}","scalp_tilt",0.9,-0.12
2026-11-13 16:15:33,msg_0768,user_ZJ,"Увидел, как все продают, тоже продал по рынку. Оказалось – просто откат, цена вернулась на 5% без меня. Стадная паника.",1,"{'price':14900,'volatility':0.090,'fear_greed_index':24}","herd_panic",0.7,-0.08
2026-11-13 17:00:22,msg_0769,user_ZK,"Перевёл все средства на новую биржу, которая обещала бонус. Биржа оказалась мошеннической, вывод заблокирован. Потерял всё.",1,"{'price':15100,'volatility':0.050,'fear_greed_index':28}","fake_exchange",1.0,-1.0
2026-11-14 09:10:55,msg_0770,user_ZL,"Сегодня я ничего не делал, просто наблюдал. Рынок был пилой, я ничего не потерял. Иногда лучше не трогать.",0,"{'price':15200,'volatility':0.048,'fear_greed_index':32}","hold",0.0,0.0
2026-11-14 09:50:33,msg_0771,user_ZM,"Цена подошла к уровню поддержки. Я не паникую, смотрю объёмы. Объёмы низкие – не продаю. Остаюсь в позиции.",0,"{'price':15150,'volatility':0.035,'fear_greed_index':34}","hold",0.2,0.0
2026-11-14 10:35:22,msg_0772,user_ZN,"Мой стоп на 15000 сработал, убыток 0.6%. Не злюсь. Записал в журнал. Спокойно.",0,"{'price':15000,'volatility':0.040,'fear_greed_index':30}","hold",0.2,-0.006
2026-11-14 11:20:44,msg_0773,user_ZO,"Сегодня я не торгую – разбираю свои ошибки за неделю. Анализ важнее сделок.",0,"{'price':15100,'volatility':0.025,'fear_greed_index':33}","hold",0.0,0.0
2026-11-14 12:05:33,msg_0774,user_ZP,"План: покупать только при пробое 15200 с объёмом. Пробой был, объём хороший – купил. Прибыль 1.2%",0,"{'price':15200,'volatility':0.030,'fear_greed_index':38}","hold",0.1,0.012
2026-11-14 12:50:22,msg_0775,user_ZQ,"Я не торгую в пятницу после 16:00. Сейчас 16:00, закрыл всё. Рынок упал на 1% – я сэкономил.",0,"{'price':15050,'volatility':0.028,'fear_greed_index':35}","hold",0.0,0.0
2026-11-15 09:05:44,msg_0776,user_ZR,"Перед сделкой проверяю новости – нет важных событий. Вхожу спокойно. Прибыль 0.7%",0,"{'price':15100,'volatility':0.022,'fear_greed_index':37}","hold",0.1,0.007
2026-11-15 09:50:33,msg_0777,user_ZS,"Использую трейлинг-стоп с шагом 0.5%. Сработало на +1.2%. Отлично.",0,"{'price':15250,'volatility':0.026,'fear_greed_index':42}","hold",0.1,0.012
2026-11-15 10:35:22,msg_0778,user_ZT,"Дневной лимит убытка 1% – достиг на первой сделке. Закрыл терминал. Дисциплина.",0,"{'price':15000,'volatility':0.038,'fear_greed_index':31}","hold",0.1,-0.01
2026-11-15 11:20:55,msg_0779,user_ZU,"Сигнал на шорт, но дневной тренд вверх – не шорчу. Фильтр сработал.",0,"{'price':15150,'volatility':0.024,'fear_greed_index':39}","hold",0.2,0.0
2026-11-15 12:10:33,msg_0780,user_ZV,"Внезапно цена рухнула на 20%. Я продал всё на дне, потеряв 15%. Через час цена отскочила на 10% – я не вернулся. Паника рулит.",1,"{'price':12800,'volatility':0.220,'fear_greed_index':8}","panic_sell_bottom",0.9,-0.20
2026-11-15 12:50:44,msg_0781,user_ZW,"Увидел, как кто-то крупно покупает, подумал «кит заходит», купил на всю котлету. Оказался спуфинг, цена упала на 8%",1,"{'price':14000,'volatility':0.120,'fear_greed_index':18}","spoofing_buy",0.8,-0.12
2026-11-15 13:35:33,msg_0782,user_ZX,"Меня выбило по стопу, я в ярости открыл лонг с плечом 10х. Ликвидация через 5 минут. Потерял остатки.",1,"{'price':13800,'volatility':0.100,'fear_greed_index':15}","revenge_10x",1.0,-0.30
2026-11-15 14:20:22,msg_0783,user_ZY,"Услышал слух о хардфорке и раздаче токенов. Перевёл все средства на кошелёк для «снапшота» – мошенники украли всё.",1,"{'price':13500,'volatility':0.080,'fear_greed_index':12}","hardfork_scam",1.0,-1.0
2026-11-15 15:05:55,msg_0784,user_ZZ,"Был в плюсе +6%, пожадничал, не закрыл. Цена упала до -4%, закрыл с убытком. Жадность победила разум.",1,"{'price':14500,'volatility':0.090,'fear_greed_index':28}","greedy_hold_big",0.8,-0.10
2026-11-15 15:50:33,msg_0785,user_AAA,"Потерял 8% за день, решил отыграться одной сделкой с плечом 20х. Цена чуть пошла против – ликвидация. Потерял всё.",1,"{'price':14200,'volatility':0.110,'fear_greed_index':22}","desperate_leverage",1.0,-0.45
2026-11-16 09:10:22,msg_0786,user_AAB,"Мой стоп стоял на 14400, цена почти дошла, я передвинул на 14200. Выбило на 14200. Потерял в два раза больше.",1,"{'price':14200,'volatility':0.075,'fear_greed_index':25}","move_stop_again",1.0,-0.12
2026-11-16 09:55:44,msg_0787,user_AAC,"Усреднил убыток на 14300, потом на 14100, потом на 13900. Средняя 14100, цена 13600. Ликвидация с плечом 2х. Усреднение убило.",1,"{'price':13600,'volatility':0.110,'fear_greed_index':14}","averaging_hell2",1.0,-0.30
2026-11-16 10:40:33,msg_0788,user_AAD,"Увидел, как все покупают мемкоин, тоже купил на всё. Через 10 минут пампинг-группа вышла, токен рухнул на 70%",1,"{'price':0.002,'volatility':0.350,'fear_greed_index':82}","meme_pump_dump",0.8,-0.85
2026-11-16 11:25:22,msg_0789,user_AAE,"Мне написал «поддержка» в Telegram, попросил пароль для верификации. Я дал. Украли всё. Телеграм – рассадник мошенников.",1,"{'price':13800,'volatility':0.045,'fear_greed_index':18}","telegram_phishing",1.0,-1.0
2026-11-16 12:10:55,msg_0790,user_AAF,"После трёх побед я увеличил лот в 5 раз. Первая сделка – минус 3%, перекрыл недельную прибыль. Гордыня.",1,"{'price':14100,'volatility':0.065,'fear_greed_index':32}","overconfidence_5x2",0.9,-0.15
2026-11-16 13:00:33,msg_0791,user_AAG,"Проснулся, увидел +8% за ночь, от злости что спал, купил на максимуме. Цена упала на 5%",1,"{'price':15000,'volatility':0.090,'fear_greed_index':48}","sleep_fomo",0.8,-0.09
2026-11-16 13:50:22,msg_0792,user_AAH,"Торговал без стопов, потому что «был уверен в росте». Рынок упал на 10%, потерял 20% депозита. Стопы – не опция.",1,"{'price':13500,'volatility':0.120,'fear_greed_index':14}","no_stop_big",1.0,-0.22
2026-11-16 14:35:44,msg_0793,user_AAI,"Увидел, как цена быстро летит вниз, решил шортнуть с плечом 5х. Цена отскочила на 4% – ликвидация.",1,"{'price':13900,'volatility':0.105,'fear_greed_index':26}","panic_short_liq2",1.0,-0.25
2026-11-16 15:20:33,msg_0794,user_AAJ,"Мне позвонили из «службы безопасности», сказали, что мои средства заморожены. Я перевёл всё на «безопасный кошелёк» – мошенники. Потерял всё.",1,"{'price':13700,'volatility':0.055,'fear_greed_index':20}","fake_security_call",1.0,-1.0
2026-11-16 16:05:22,msg_0795,user_AAK,"Сигнал на покупку был, но я испугался прошлого убытка и не вошёл. Цена выросла на 12%. От злости купил на хаях – потерял 6%.",1,"{'price':15200,'volatility':0.100,'fear_greed_index':55}","fear_then_fomo_big",0.9,-0.10
2026-11-17 09:10:44,msg_0796,user_AAL,"Утром цена гэпнула вверх на 6%, я влетел по рынку, думая что продолжит. Тут же коррекция 5%",1,"{'price':16100,'volatility':0.095,'fear_greed_index':78}","gap_fomo",0.8,-0.08
2026-11-17 09:55:33,msg_0797,user_AAM,"Держал убыток в 10%, надеясь на разворот. Разворот случился, но я закрыл на нуле за 5 минут до него. Нервы сдали.",1,"{'price':14000,'volatility':0.130,'fear_greed_index':22}","close_before_reversal",0.9,-0.12
2026-11-17 10:40:22,msg_0798,user_AAN,"Потерял пароль от биржи, не мог войти. В панике отправил запрос на сброс, но злоумышленники перехватили письмо и украли средства. Потерял всё.",1,"{'price':13800,'volatility':0.060,'fear_greed_index':24}","password_intercept",1.0,-1.0
2026-11-17 11:25:55,msg_0799,user_AAO,"Увидел крупный ордер на продажу, подумал «медведи выходят», продал с убытком. Оказалось – спуфинг. Цена выросла на 5% без меня.",1,"{'price':14200,'volatility':0.075,'fear_greed_index':32}","spoofing_sell",0.7,-0.08
2026-11-17 12:10:33,msg_0800,user_AAP,"Я торговал по 5 минутам, не смотрел старшие таймфреймы. Поймал ложный пробой, потерял 7%. Надо смотреть картину целиком.",1,"{'price':13900,'volatility':0.085,'fear_greed_index':28}","no_htf",0.8,-0.09
2026-11-17 13:00:22,msg_0801,user_AAQ,"Мне предложили «гарантированный доход 20% в месяц» на новом протоколе. Перевёл все средства – протокол оказался скамом. Потерял всё.",1,"{'price':13600,'volatility':0.040,'fear_greed_index':18}","defi_scam",1.0,-1.0
2026-11-17 13:50:44,msg_0802,user_AAR,"После слива половины депозита я решил «отыграться» на опционах с плечом 50х. Первая же сделка – ликвидация за 1 минуту. Потерял остатки.",1,"{'price':13400,'volatility':0.140,'fear_greed_index':12}","options_gamble",1.0,-0.50
2026-11-18 09:05:33,msg_0803,user_AAS,"Сегодня я ничего не делал. Рынок был в боковике. Не потерял. Иногда лучше ничего не делать.",0,"{'price':13700,'volatility':0.022,'fear_greed_index':26}","hold",0.0,0.0
2026-11-18 09:50:22,msg_0804,user_AAT,"План: покупать при откате к 13600. Дождался, купил. Стоп на 13500. Прибыль 1%",0,"{'price':13600,'volatility':0.030,'fear_greed_index':28}","hold",0.1,0.01
2026-11-18 10:35:55,msg_0805,user_AAU,"Мой стоп на 13500 сработал, убыток 0.5%. Не расстроился. Записал в журнал.",0,"{'price':13500,'volatility':0.035,'fear_greed_index':25}","hold",0.2,-0.005
2026-11-18 11:20:33,msg_0806,user_AAV,"Сегодня я не торгую – восстанавливаю нервы после вчерашнего. Медитация и прогулка.",0,"{'price':13650,'volatility':0.018,'fear_greed_index':28}","hold",0.0,0.0
2026-11-18 12:05:22,msg_0807,user_AAW,"Использую только спот, без плеча. Риск минимален. Сплю спокойно.",0,"{'price':13700,'volatility':0.020,'fear_greed_index':30}","hold",0.0,0.0
2026-11-18 12:55:44,msg_0808,user_AAX,"Внезапно цена обвалилась на 12% из-за новости о запрете в США. Я продал всё в панике. Новость оказалась фейком через 10 минут, цена отскочила на 8% без меня.",1,"{'price':12600,'volatility':0.180,'fear_greed_index':7}","fake_news_panic",0.9,-0.18
2026-11-18 13:40:33,msg_0809,user_AAY,"Увидел, как кто-то купил огромный объём, подумал «институционалы заходят», купил на всё. Оказалось – ошибочный ордер, цена упала на 7%",1,"{'price':13000,'volatility':0.120,'fear_greed_index':12}","fat_finger_trap",0.8,-0.12
2026-11-18 14:25:22,msg_0810,user_AAZ,"Меня выбило по стопу, я разозлился и открыл лонг с удвоенным объёмом. Цена упала ещё на 3% – потерял вдвойне.",1,"{'price':12800,'volatility':0.100,'fear_greed_index':10}","revenge_double",0.9,-0.15
2026-11-18 15:10:55,msg_0811,user_ABA,"Услышал слух о байбэке от команды. Купил на все сбережения. Байтека не было, токен рухнул на 40%.",1,"{'price':0.01,'volatility':0.200,'fear_greed_index':45}","buyback_rumor",0.9,-0.45
2026-11-18 16:00:33,msg_0812,user_ABB,"Был в плюсе +4%, не закрыл, хотел +5%. Цена развернулась, закрыл в ноль. Жадность.",1,"{'price':14000,'volatility':0.075,'fear_greed_index':34}","greedy_4_to_zero",0.7,-0.04
2026-11-18 16:50:22,msg_0813,user_ABC,"Потерял 10% за неделю, решил отыграться с плечом 15х. Ликвидация через 3 минуты. Потерял всё.",1,"{'price':13200,'volatility':0.110,'fear_greed_index':16}","desperate_15x",1.0,-0.60
2026-11-19 09:10:44,msg_0814,user_ABD,"Мой стоп стоял на 13000, цена почти дошла, я передвинул на 12800. Выбило на 12800. Потерял в два раза больше.",1,"{'price':12800,'volatility':0.085,'fear_greed_index':11}","move_stop_loss",1.0,-0.12
2026-11-19 09:55:33,msg_0815,user_ABE,"Усреднил убыток на 12900, потом на 12700. Средняя 12800, цена 12400. Ликвидация с плечом 3х. Усреднение – могила.",1,"{'price':12400,'volatility':0.130,'fear_greed_index':7}","averaging_again",1.0,-0.35
2026-11-19 10:40:22,msg_0816,user_ABF,"Увидел, как все продают, тоже продал по рынку. Оказалось – ложный пробой, цена вернулась на 6% без меня.",1,"{'price':12700,'volatility':0.095,'fear_greed_index':10}","herd_sell",0.7,-0.09
2026-11-19 11:25:55,msg_0817,user_ABG,"Мне написал «директор биржи» в личку, попросил помочь с тестовым переводом. Перевёл 5000 USDT – больше не вернул. Социальная инженерия.",1,"{'price':12500,'volatility':0.040,'fear_greed_index':9}","ceo_scam",1.0,-0.50
2026-11-19 12:10:33,msg_0818,user_ABH,"После трёх побед я увеличил лот в 3 раза. Первая сделка – минус 2%, перекрыл всю недельную прибыль.",1,"{'price':13000,'volatility':0.070,'fear_greed_index':22}","overconf_3x",0.9,-0.10
2026-11-19 13:00:22,msg_0819,user_ABI,"Проснулся, увидел -15% за ночь, в панике продал на открытии. Цена отскочила на 10% через час.",1,"{'price':11800,'volatility':0.150,'fear_greed_index':5}","night_panic_sell",0.8,-0.18
2026-11-19 13:50:44,msg_0820,user_ABJ,"Торговал без стопов, потому что «скоро разворот». Разворота не было, потерял 18% за день.",1,"{'price':11600,'volatility':0.140,'fear_greed_index':4}","no_stop_loss",1.0,-0.20
2026-11-19 14:35:33,msg_0821,user_ABK,"Увидел мемкоин +500% за час, купил на всё. Через 15 минут -90%. Осталось 10% от депозита.",1,"{'price':0.0003,'volatility':0.500,'fear_greed_index':95}","meme_suicide",0.9,-0.90
2026-11-19 15:20:22,msg_0822,user_ABL,"Мне позвонили из «полиции», сказали, что мой аккаунт используется для отмывания денег. Я перевёл все средства на «защищённый счёт» – мошенники.",1,"{'price':11900,'volatility':0.060,'fear_greed_index':8}","police_scam",1.0,-1.0
2026-11-19 16:05:55,msg_0823,user_ABM,"Сигнал на покупку был, но я испугался и не вошёл. Цена выросла на 15%. От злости купил на хаях – потерял 7%.",1,"{'price':13500,'volatility':0.110,'fear_greed_index':32}","fear_then_fomo",0.9,-0.10
2026-11-20 09:10:33,msg_0824,user_ABN,"Утром цена гэпнула вниз на 8%, я в панике продал на открытии. Гэп закрылся через час, цена вернулась, я остался без позиции.",1,"{'price':11200,'volatility':0.120,'fear_greed_index':6}","gap_panic2",0.8,-0.12
2026-11-20 09:55:22,msg_0825,user_ABO,"Держал убыток в 12%, надеясь на разворот. Досидел до -25%. Надежда убила.",1,"{'price':11000,'volatility':0.160,'fear_greed_index':4}","hope_hold_disaster",1.0,-0.28
2026-11-20 10:40:44,msg_0826,user_ABP,"Потерял доступ к 2FA, не мог закрыть позицию. Рынок упал на 15% за время восстановления. Потерял много.",1,"{'price':11300,'volatility':0.130,'fear_greed_index':7}","2fa_lock",0.6,-0.22
2026-11-20 11:25:33,msg_0827,user_ABQ,"Увидел крупный ордер на покупку, подумал «кит заходит», купил на всё. Ордер исчез – спуфинг. Потерял 8%",1,"{'price':11500,'volatility':0.100,'fear_greed_index':12}","spoofing_trap2",0.8,-0.12
2026-11-20 12:10:22,msg_0828,user_ABR,"Я торговал по 1-минутке без плана. 50 сделок за час, 45 убыточных. Потерял 15% депозита.",1,"{'price':11400,'volatility':0.090,'fear_greed_index':10}","scalp_madness",0.9,-0.18
2026-11-20 13:00:55,msg_0829,user_ABS,"Мне предложили «бесплатный токен» за подключение кошелька. Подключил – всё украли. Никогда не подключайте кошелёк к неизвестным сайтам.",1,"{'price':11200,'volatility':0.050,'fear_greed_index':9}","wallet_connect_scam",1.0,-1.0
2026-11-20 13:50:33,msg_0830,user_ABT,"После слива 30% депозита я взял кредит, чтобы отыграться. Поставил на одну сделку с плечом 5х – ликвидация. Долги остались, денег нет.",1,"{'price':10900,'volatility':0.140,'fear_greed_index':5}","loan_revenge",1.0,-2.0
2026-11-20 14:45:22,msg_0831,user_ABU,"Сегодня я вообще не смотрел на график. Полный выходной. Перезагрузка важна.",0,"{'price':11100,'volatility':0.028,'fear_greed_index':8}","hold",0.0,0.0
2026-11-20 15:30:44,msg_0832,user_ABV,"План: покупать только на сильных поддержках с подтверждением. Дождался, купил, прибыль 1.5%",0,"{'price':11050,'volatility':0.035,'fear_greed_index':7}","hold",0.1,0.015
2026-11-21 09:05:33,msg_0833,user_ABW,"После недели падений я не лезу в рынок. Жду стабилизации. Кэш – позиция.",0,"{'price':10800,'volatility':0.060,'fear_greed_index':6}","hold",0.0,0.0
2026-11-21 09:50:22,msg_0834,user_ABX,"Мой стоп на 10700 сработал, убыток 0.8%. Не жалею. Стоп спас от большего.",0,"{'price':10700,'volatility':0.055,'fear_greed_index':6}","hold",0.1,-0.008
2026-11-21 10:35:55,msg_0835,user_ABY,"Использую только лимитные ордера. Никаких рыночных. Дисциплина.",0,"{'price':10850,'volatility':0.040,'fear_greed_index':8}","hold",0.1,0.0
2026-11-21 11:20:33,msg_0836,user_ABZ,"Я не торгую в понедельник. Сегодня понедельник. Сижу в кэше. Рынок упал ещё на 2% – я не потерял.",0,"{'price':10600,'volatility':0.048,'fear_greed_index':5}","hold",0.0,0.0
2026-11-21 12:05:22,msg_0837,user_ACA,"Перед сделкой проверяю календарь новостей – нет важных событий. Вхожу спокойно.",0,"{'price':10750,'volatility':0.032,'fear_greed_index':7}","hold",0.1,0.006
2026-11-21 12:50:55,msg_0838,user_ACB,"Закончил день с +0.5% на споте. Маленькая зелень, но без стресса.",0,"{'price':10800,'volatility':0.025,'fear_greed_index':9}","hold",0.1,0.005
2026-11-21 13:35:33,msg_0839,user_ACC,"Я веду дневник трейдера второй месяц. Ошибок стало в два раза меньше. Рекомендую всем.",0,"{'price':10850,'volatility':0.022,'fear_greed_index':10}","hold",0.0,0.0
2026-11-21 14:20:22,msg_0840,user_ACD,"Подвожу итог недели: дисциплина спасла капитал в кризис. Всего -1% за неделю, тогда как рынок упал на 20%. Доволен.",0,"{'price':10900,'volatility':0.028,'fear_greed_index':11}","hold",0.1,-0.01
2026-11-22 09:10:33,msg_0841,user_ACE,"Вчера выпил, сегодня с похмелья открыл шорт с плечом 10х. Даже не помню зачем. Ликвидация через 5 минут. Алкоголь и трейдинг несовместимы.",1,"{'price':10500,'volatility':0.120,'fear_greed_index':6}","hangover_trade",1.0,-0.30
2026-11-22 09:55:22,msg_0842,user_ACF,"Установил торгового бота с настройками по умолчанию. Бот открыл 50 сделок за час, все убыточные. Потерял 20% депозита. Не доверяй ботам без тестов.",1,"{'price':10400,'volatility':0.100,'fear_greed_index':5}","bot_disaster",0.9,-0.22
2026-11-22 10:40:44,msg_0843,user_ACG,"Мне показалось, что график говорит «покупай». Я купил на всё. Оказалось, я просто устал и галлюцинировал. Потерял 5% за 10 минут.",1,"{'price':10300,'volatility':0.090,'fear_greed_index':4}","hallucination_trade",0.8,-0.07
2026-11-22 11:25:33,msg_0844,user_ACH,"Увидел, как цена идёт вверх, решил «догоню». Добавился к позиции три раза. Средняя ухудшилась, цена упала – потерял 12%",1,"{'price':10600,'volatility':0.085,'fear_greed_index':8}","chasing_loss",0.9,-0.14
2026-11-22 12:10:22,msg_0845,user_ACI,"Поставил стоп на 10500, но перед сном решил убрать – «чтобы не выбило». Проснулся – цена 9800, потерял 20% вместо 5%",1,"{'price':9800,'volatility':0.180,'fear_greed_index':3}","remove_stop_overnight",1.0,-0.25
2026-11-22 13:00:55,msg_0846,user_ACJ,"Забыл, что у меня открыта позиция на фьючерсах. Ушёл в кино. Вернулся – ликвидация. Потерял всё. Нужно всегда вести учёт.",1,"{'price':9700,'volatility':0.160,'fear_greed_index':3}","forget_position",1.0,-0.50
2026-11-22 13:50:33,msg_0847,user_ACK,"Написал скрипт для автоматической торговли, запустил на ночь. Скрипт случайно открыл 1000 сделок, комиссии съели 30% депозита. Тестируйте на демо.",1,"{'price':9900,'volatility':0.095,'fear_greed_index':4}","script_crash",1.0,-0.35
2026-11-23 09:05:22,msg_0848,user_ACL,"Утром цена упала на 5%, я решил «поймать дно». Купил, цена упала ещё на 5%. Усреднил, упала ещё. Потерял 20%. Нет дна в панике.",1,"{'price':9300,'volatility':0.200,'fear_greed_index':2}","catch_bottom",1.0,-0.25
2026-11-23 09:50:44,msg_0849,user_ACM,"Увидел, что мой любимый крипто-блогер купил токен XYZ. Купил на всё. Токен рухнул на 60% за час. Блогеры – не советчики.",1,"{'price':0.05,'volatility':0.250,'fear_greed_index':55}","blogger_trap",0.9,-0.55
2026-11-23 10:35:33,msg_0850,user_ACN,"Перевёл все средства на маржинальный счёт, взял плечо 3х. Через час маржин-колл. Потерял 60% депозита. Риск должен быть контролируемым.",1,"{'price':9100,'volatility':0.150,'fear_greed_index':2}","margin_call",1.0,-0.60
2026-11-23 11:20:22,msg_0851,user_ACO,"Торговал по 5-секундным графикам, решил, что я великий скальпер. За час 200 сделок, итог -15%. Скальпинг не для всех.",1,"{'price':9200,'volatility':0.110,'fear_greed_index':3}","scalp_addict",0.9,-0.18
2026-11-23 12:05:55,msg_0852,user_ACP,"Потерял 10% за день, решил отыграться в покере. Потерял ещё 20%. Лудамания.",1,"{'price':9400,'volatility':0.080,'fear_greed_index':5}","tilting_to_poker",1.0,-0.30
2026-11-23 12:55:33,msg_0853,user_ACQ,"Мне сказали, что вот-вот «лун-лун», я купил на последние деньги. Цена не изменилась, я проиграл на комиссиях. Глупо.",1,"{'price':9500,'volatility':0.045,'fear_greed_index':7}","moon_moon",0.7,-0.02
2026-11-23 13:45:22,msg_0854,user_ACR,"Решил торговать опционы без понимания греков. Купил OTM колл за 1000$, экспирация через час. Калл сгорел в ноль. Никогда не лезьте в опционы без знаний.",1,"{'price':9600,'volatility':0.120,'fear_greed_index':9}","options_noob",0.9,-0.10
2026-11-24 09:10:44,msg_0855,user_ACS,"Увидел, как цена пробила уровень, подумал «пробой», купил. Оказалось ложный пробой на низком объёме. Потерял 6%",1,"{'price':9700,'volatility':0.090,'fear_greed_index':8}","fake_breakout",0.8,-0.09
2026-11-24 09:55:33,msg_0856,user_ACT,"Мой друг сказал, что знает инсайд. Я продал квартиру и вложил всё в его «инсайд». Всё потерял. Дружба дружбой, а анализ анализом.",1,"{'price':9000,'volatility':0.200,'fear_greed_index':2}","insider_friend",1.0,-1.0
2026-11-24 10:40:22,msg_0857,user_ACU,"Сегодня я решил, что рынок мне должен. Открыл сделку с плечом 50х. Рынок ничего никому не должен – ликвидация.",1,"{'price':8800,'volatility':0.180,'fear_greed_index':2}","entitled_trader",1.0,-0.70
2026-11-24 11:25:55,msg_0858,user_ACV,"Поставил тейк-профит на 10000, цена дошла до 9999 и развернулась. В ярости я закрыл позицию с убытком, хотя мог подождать. Эмоции.",1,"{'price':9999,'volatility':0.085,'fear_greed_index':10}","one_point_miss",0.7,-0.05
2026-11-24 12:15:33,msg_0859,user_ACW,"Я переключился между вкладками и случайно купил вместо продажи. Испугался, продал с убытком. Двойная ошибка.",1,"{'price':9800,'volatility':0.060,'fear_greed_index':7}","fat_finger",0.5,-0.03
2026-11-24 13:05:22,msg_0860,user_ACX,"Торговал во время ссоры с женой. Каждая потеря злила ещё больше, открывал новые позиции, все убыточные. Потерял 10% за час.",1,"{'price':9700,'volatility':0.070,'fear_greed_index':6}","marital_tilt",0.9,-0.12
2026-11-25 09:10:33,msg_0861,user_ACY,"Сегодня я ничего не делал, просто наблюдал. Рынок упал ещё на 5%, я не потерял. Иногда бездействие – лучшее действие.",0,"{'price':9200,'volatility':0.090,'fear_greed_index':4}","hold",0.0,0.0
2026-11-25 09:55:22,msg_0862,user_ACZ,"План: покупать только при RSI<30 и дивергенции. Дождался, купил, прибыль 2%",0,"{'price':9300,'volatility':0.075,'fear_greed_index':4}","hold",0.1,0.02
2026-11-25 10:40:44,msg_0863,user_ADA,"Мой стоп на 9100 сработал, убыток 0.7%. Не расстроился. Записал в журнал.",0,"{'price':9100,'volatility':0.080,'fear_greed_index':3}","hold",0.2,-0.007
2026-11-25 11:25:33,msg_0864,user_ADB,"Сегодня я не торгую – пересматриваю риск-менеджмент. Убеждаюсь, что на сделку не более 0.5%. Спокойствие.",0,"{'price':9400,'volatility':0.060,'fear_greed_index':5}","hold",0.0,0.0
2026-11-25 12:15:55,msg_0865,user_ADC,"Использую только спот. Даже в такой панике не теряю больше 2% за день.",0,"{'price':9500,'volatility':0.065,'fear_greed_index':6}","hold",0.0,0.0
2026-11-25 13:05:22,msg_0866,user_ADD,"Увидел, как цена отскочила на 3% от минимума, подумал «дно», купил на всё. Цена упала ещё на 8%",1,"{'price':8900,'volatility':0.130,'fear_greed_index':3}","false_bottom",0.9,-0.12
2026-11-25 13:55:44,msg_0867,user_ADE,"Мне позвонили из «биржи», сказали, что нужно верифицироваться срочно. Я перевёл 10 000$ на их «верификационный кошелёк» – мошенники.",1,"{'price':9100,'volatility':0.040,'fear_greed_index':4}","verification_scam",1.0,-1.0
2026-11-25 14:45:33,msg_0868,user_ADF,"После трёх убыточных сделок я решил «перевернуть стол» – открыл шорт с плечом 20х. Ликвидация через 2 минуты.",1,"{'price':9000,'volatility':0.110,'fear_greed_index':3}","flip_table",1.0,-0.40
2026-11-26 09:10:22,msg_0869,user_ADG,"Проснулся, увидел +10% за ночь, от радости купил на максимуме. Тут же -7%. Эйфория после сна опасна.",1,"{'price':10200,'volatility':0.120,'fear_greed_index':18}","sleepy_fomo",0.8,-0.10
2026-11-26 09:55:44,msg_0870,user_ADH,"Держал убыток в 15%, надеясь на чудо. Чуда не случилось, закрыл на -25%. Надежда – плохая стратегия.",1,"{'price':8500,'volatility':0.150,'fear_greed_index':2}","hope_disaster",1.0,-0.28
2026-11-26 10:40:33,msg_0871,user_ADI,"Запустил торгового бота, который нашёл в GitHub. Бот слил половину счёта за час. Никогда не используй чужой код без проверки.",1,"{'price':8800,'volatility':0.100,'fear_greed_index':3}","github_bot",1.0,-0.35
2026-11-26 11:25:22,msg_0872,user_ADJ,"Увидел, как все продают, продал с убытком. Оказалось – дно. Цена выросла на 20% без меня. Стадное чувство.",1,"{'price':8600,'volatility':0.130,'fear_greed_index':2}","herd_sell_bottom",0.8,-0.12
2026-11-26 12:15:55,msg_0873,user_ADK,"Мне предложили «кредитное плечо 100х» на новом протоколе. Попробовал – ликвидация за 30 секунд. Потерял 500$",1,"{'price':8900,'volatility':0.140,'fear_greed_index':5}","leverage_100x",1.0,-0.50
2026-11-26 13:05:33,msg_0874,user_ADL,"Я торговал с закрытыми глазами (буквально). Открыл сделку, забыл какой стороной. Очнулся – минус 10%. Спать надо.",1,"{'price':9200,'volatility':0.080,'fear_greed_index':7}","eyes_closed",0.9,-0.12
2026-11-27 09:10:44,msg_0875,user_ADM,"Сегодня я решил не ставить стопы, потому что «чувствую». Чувства ошиблись, потерял 15%",1,"{'price':9400,'volatility':0.095,'fear_greed_index':8}","feelings_no_stop",1.0,-0.18
2026-11-27 09:55:33,msg_0876,user_ADN,"Усреднил убыток 5 раз подряд. Средняя 9500, цена 8500. Ликвидация. Усреднение – это мания.",1,"{'price':8500,'volatility':0.150,'fear_greed_index':2}","averaging_madness",1.0,-0.45
2026-11-27 10:40:22,msg_0877,user_ADO,"Мне написал «инвестиционный консультант» в Telegram, обещал 50% в месяц. Отдал ему 2000$ – он исчез. Консультант из Telegram – красный флаг.",1,"{'price':8800,'volatility':0.040,'fear_greed_index':3}","investment_scam",1.0,-0.20
2026-11-27 11:25:55,msg_0878,user_ADP,"Увидел мемкоин, который вырос на 1000%, влетел на последние деньги. Мемкоин рухнул на 95% за 5 минут. Осталось на такси.",1,"{'price':0.0001,'volatility':0.600,'fear_greed_index':98}","meme_wipeout",0.9,-0.95
2026-11-27 12:15:33,msg_0879,user_ADQ,"Потерял 30% за неделю, в отчаянии продал всё и ушёл в казино. В казино проиграл остатки. Лудамания рулит.",1,"{'price':8600,'volatility':0.080,'fear_greed_index':4}","casino_after_loss",1.0,-0.70
2026-11-28 09:05:22,msg_0880,user_ADR,"Сегодня я ничего не делал, просто отдыхал. Рынок был в боковике. Спокойно.",0,"{'price':8900,'volatility':0.030,'fear_greed_index':6}","hold",0.0,0.0
2026-11-28 09:50:44,msg_0881,user_ADS,"План: покупать только при откате к 8800. Дождался, купил. Прибыль 1.5%",0,"{'price':8800,'volatility':0.040,'fear_greed_index':5}","hold",0.1,0.015
2026-11-28 10:35:33,msg_0882,user_ADT,"Мой стоп на 8700 сработал, убыток 0.5%. Не жалею. Записал в журнал.",0,"{'price':8700,'volatility':0.045,'fear_greed_index':4}","hold",0.2,-0.005
2026-11-28 11:20:22,msg_0883,user_ADU,"Сегодня я не торгую – читаю книгу по психологии трейдинга. Обучение важнее.",0,"{'price':8900,'volatility':0.025,'fear_greed_index':7}","hold",0.0,0.0
2026-11-28 12:05:55,msg_0884,user_ADV,"Я перестал смотреть на график после 17:00. В 17:00 закрыл всё. Рынок упал на 1% – сэкономил.",0,"{'price':9000,'volatility':0.035,'fear_greed_index':8}","hold",0.0,0.0
2026-11-28 12:55:33,msg_0885,user_ADW,"Увидел, как цена резко идёт вверх, купил на всю котлету. Оказалось, это была свеча закрытия, после неё обвал. Потерял 8%",1,"{'price':9500,'volatility':0.100,'fear_greed_index':12}","closing_candle_fomo",0.8,-0.10
2026-11-28 13:45:22,msg_0886,user_ADX,"Мне позвонили из «службы безопасности банка», сказали, что мои деньги в опасности. Перевёл всё на «безопасный счёт» – мошенники. Потерял 5000$",1,"{'price':9100,'volatility':0.030,'fear_greed_index':7}","bank_scam",1.0,-0.50
2026-11-28 14:35:55,msg_0887,user_ADY,"Поставил стоп на 9200, но потом решил, что это слишком близко, передвинул на 9000. Цена упала до 8900. Потерял в три раза больше.",1,"{'price':8900,'volatility':0.090,'fear_greed_index':5}","stop_too_wide",1.0,-0.15
2026-11-29 09:10:33,msg_0888,user_ADZ,"Утром цена гэпнула вверх на 7%, я продал, думая, что будет коррекция. Цена выросла ещё на 10% без меня. Упущенная прибыль.",1,"{'price':10500,'volatility':0.110,'fear_greed_index':35}","gap_sell_too_early",0.7,-0.08
2026-11-29 09:55:22,msg_0889,user_AEA,"Торговал во время просмотра фильма. Отвлёкся, пропустил сигнал на закрытие. Потерял 12%",1,"{'price':9800,'volatility':0.095,'fear_greed_index':18}","distracted_trading",0.6,-0.15
2026-11-29 10:40:44,msg_0890,user_AEB,"Услышал, что завтра халвинг. Купил на всё. Халвинга не было, цена упала на 5%. Фейк-новости.",1,"{'price':9600,'volatility':0.080,'fear_greed_index':15}","halving_fake",0.8,-0.08
2026-11-29 11:25:33,msg_0891,user_AEC,"Меня выбило по стопу, я закрыл терминал и ушёл пить. Вернулся пьяным и открыл шорт с плечом 5х. Ликвидация. Алкоголь и трейдинг – враги.",1,"{'price':9700,'volatility':0.105,'fear_greed_index':16}","drunk_trade",1.0,-0.30
2026-11-29 12:15:55,msg_0892,user_AED,"Решил «поторговать по сплетням». Услышал, что компания X банкротится, продал акции. Компания не банкротится, акции выросли на 20%",1,"{'price':50,'volatility':0.150,'fear_greed_index':22}","gossip_trade",0.8,-0.25
2026-11-29 13:05:33,msg_0893,user_AEE,"Увидел, как мой кот наступил на клавиатуру и открыл сделку. Решил не закрывать – вдруг повезёт. Кот ошибся, потерял 200$",1,"{'price':9900,'volatility':0.070,'fear_greed_index':20}","cat_trade",0.5,-0.02
2026-11-30 09:10:22,msg_0894,user_AEF,"Сегодня я ничего не делал, потому что не было сигнала. Лучше не торговать, чем торговать впустую.",0,"{'price':10000,'volatility':0.025,'fear_greed_index':25}","hold",0.0,0.0
2026-11-30 09:55:44,msg_0895,user_AEG,"План: покупать при пробое 10100 с объёмом. Пробой был, объём хороший – купил, прибыль 1%",0,"{'price':10100,'volatility':0.030,'fear_greed_index':28}","hold",0.1,0.01
2026-11-30 10:40:33,msg_0896,user_AEH,"Мой стоп на 10000 сработал, убыток 0.6%. Не расстроился.",0,"{'price':10000,'volatility':0.035,'fear_greed_index':26}","hold",0.2,-0.006
2026-11-30 11:25:22,msg_0897,user_AEI,"Сегодня я не торгую – веду статистику своих сделок за месяц. Анализ помогает расти.",0,"{'price':10050,'volatility':0.020,'fear_greed_index':28}","hold",0.0,0.0
2026-11-30 12:15:55,msg_0898,user_AEJ,"Использую только лимитные ордера. Никаких рыночных. Дисциплина.",0,"{'price':10100,'volatility':0.022,'fear_greed_index':30}","hold",0.1,0.0
2026-11-30 13:05:33,msg_0899,user_AEK,"Увидел, как кто-то выставил огромный ордер на покупку, подумал «институционалы», купил на всю котлету. Ордер сняли, цена упала на 4%",1,"{'price':9900,'volatility':0.060,'fear_greed_index':22}","whale_fake",0.8,-0.08
2026-11-30 13:55:44,msg_0900,user_AEL,"Держал убыток в 8%, надеясь на разворот. Разворот случился, но я закрыл на нуле за минуту до него. Нервы сдали.",1,"{'price':10100,'volatility':0.075,'fear_greed_index':25}","close_before_reversal2",0.9,-0.10
2026-12-01 09:10:33,msg_0901,user_AEM,"Потерял пароль от биржи, не мог войти три дня. За это время моя открытая позиция превратилась из плюса в минус 15%",1,"{'price':9700,'volatility':0.090,'fear_greed_index':16}","password_lock",0.7,-0.18
2026-12-01 09:55:22,msg_0902,user_AEN,"Услышал, что скоро «газпром» запустит свою крипту. Купил газпром на всё. Крипту не запустили, акции упали на 10%",1,"{'price':150,'volatility':0.080,'fear_greed_index':20}","gazprom_rumor",0.8,-0.15
2026-12-01 10:40:44,msg_0903,user_AEO,"Торговал на новостях о войне. Новости менялись каждые 5 минут, я открывал и закрывал позиции 20 раз. Потерял 12% на комиссиях.",1,"{'price':9500,'volatility':0.140,'fear_greed_index':10}","war_news_tilt",0.9,-0.14
2026-12-01 11:25:33,msg_0904,user_AEP,"Решил «хеджировать» – открыл лонг и шорт одновременно на одном активе с плечом 10х. Обе позиции ликвидировали из-за финансирования. Потерял 20%",1,"{'price':9600,'volatility':0.110,'fear_greed_index':12}","hedge_fail",1.0,-0.25
2026-12-01 12:15:55,msg_0905,user_AEQ,"Мне приснился кошмар, что всё падает. Проснулся в 3 ночи и продал всё. Утром цена выросла на 5%",1,"{'price':9800,'volatility':0.055,'fear_greed_index':18}","nightmare_sell",0.6,-0.08
2026-12-01 13:05:33,msg_0906,user_AER,"Увидел, как цена резко идёт вниз, решил «словить отскок» с плечом 3х. Цена упала ещё на 5% – ликвидация.",1,"{'price':9200,'volatility':0.120,'fear_greed_index':8}","catch_falling_knife2",1.0,-0.22
2026-12-02 09:10:22,msg_0907,user_AES,"Сегодня я не торгую – восстанавливаю психологию. Медитация и спорт.",0,"{'price':9400,'volatility':0.035,'fear_greed_index':14}","hold",0.0,0.0
2026-12-02 09:55:44,msg_0908,user_AET,"План: покупать при откате к 9300. Дождался, купил. Прибыль 1.2%",0,"{'price':9300,'volatility':0.040,'fear_greed_index':12}","hold",0.1,0.012
2026-12-02 10:40:33,msg_0909,user_AEU,"Мой стоп на 9200 сработал, убыток 0.5%. Не жалею.",0,"{'price':9200,'volatility':0.045,'fear_greed_index':10}","hold",0.2,-0.005
2026-12-02 11:25:22,msg_0910,user_AEV,"Сегодня я не торгую – разбираю свои ошибки за месяц. Нашёл три повторяющиеся. Буду исправлять.",0,"{'price':9500,'volatility':0.025,'fear_greed_index':16}","hold",0.0,0.0
2026-12-02 12:15:55,msg_0911,user_AEW,"Увидел, как все покупают, тоже купил. Оказалось – памп-группа, я зашёл на хаях, потерял 10%",1,"{'price':9800,'volatility':0.090,'fear_greed_index':28}","pump_group",0.8,-0.12
2026-12-02 13:05:33,msg_0912,user_AEX,"Мне написал «сотрудник биржи», попросил перевести на верификационный кошелёк. Перевёл 2000$ – кошелёк пуст. Мошенники.",1,"{'price':9700,'volatility':0.040,'fear_greed_index':24}","exchange_verif",1.0,-0.20
2026-12-02 13:55:44,msg_0913,user_AEY,"Потерял 10% за день, решил «отыграться» на ставках на спорт. Потерял ещё 15%",1,"{'price':9600,'volatility':0.050,'fear_greed_index':22}","sports_betting",0.9,-0.28
2026-12-03 09:10:33,msg_0914,user_AEZ,"Утром цена упала на 3%, я продал всё в панике. Цена через час отскочила на 4%. Паника.",1,"{'price':9300,'volatility':0.080,'fear_greed_index':15}","morning_panic",0.8,-0.10
2026-12-03 09:55:22,msg_0915,user_AFA,"Держал убыток в 12%, надеясь на разворот. Досидел до -20% и закрыл. Надежда без стопа.",1,"{'price':8800,'volatility':0.120,'fear_greed_index':7}","hope_fail",1.0,-0.25
2026-12-03 10:40:44,msg_0916,user_AFB,"Усреднил убыток на 9000, потом на 8800, потом на 8600. Средняя 8800, цена 8400. Ликвидация.",1,"{'price':8400,'volatility':0.150,'fear_greed_index':4}","averaging_crash",1.0,-0.40
2026-12-03 11:25:33,msg_0917,user_AFC,"Торговал с плечом 50х на новостях о ракетном ударе. Новости оказались фейком, цена вернулась, моя позиция ликвидирована.",1,"{'price':8900,'volatility':0.180,'fear_greed_index':6}","rocket_news",1.0,-0.60
2026-12-03 12:15:55,msg_0918,user_AFD,"Увидел мемкоин «ElonMoon», купил на всё. Создатель токена вывел ликвидность, токен упал на 99%",1,"{'price':0.00001,'volatility':0.800,'fear_greed_index':95}","rug_pull",0.9,-1.0
2026-12-03 13:05:33,msg_0919,user_AFE,"Мой стоп на 8700, цена коснулась 8699, сработал. Я разозлился и тут же открыл лонг с удвоенным объёмом. Цена упала до 8500",1,"{'price':8500,'volatility':0.100,'fear_greed_index':5}","stop_revenge",1.0,-0.18
2026-12-04 09:10:22,msg_0920,user_AFF,"Сегодня я ничего не делал, просто отдыхал. Рынок был тихий. Спокойствие.",0,"{'price':9000,'volatility':0.020,'fear_greed_index':12}","hold",0.0,0.0
2026-12-04 09:55:44,msg_0921,user_AFG,"План: покупать при пробое 9100 с объёмом. Пробой был – купил, прибыль 1%",0,"{'price':9100,'volatility':0.028,'fear_greed_index':14}","hold",0.1,0.01
2026-12-04 10:40:33,msg_0922,user_AFH,"Мой стоп на 9000 сработал, убыток 0.6%. Не жалею.",0,"{'price':9000,'volatility':0.032,'fear_greed_index':12}","hold",0.2,-0.006
2026-12-04 11:25:22,msg_0923,user_AFI,"Сегодня я не торгую – настраиваю своего бота на демо-счету. Реальный не трогаю.",0,"{'price':9100,'volatility':0.018,'fear_greed_index':15}","hold",0.0,0.0
2026-12-04 12:15:55,msg_0924,user_AFJ,"Использую только спот. Без плеча. Спокойно сплю.",0,"{'price':9150,'volatility':0.022,'fear_greed_index':16}","hold",0.0,0.0
2026-12-04 13:05:33,msg_0925,user_AFK,"Проснулся в 4 утра, увидел +15%, купил на всю котлету. Цена упала на 10% к открытию. Ночная FOMO",1,"{'price':10500,'volatility':0.120,'fear_greed_index':55}","night_fomo",0.8,-0.12
2026-12-04 13:55:44,msg_0926,user_AFL,"Увидел, что мой коллега заработал на шортах, решил повторить. Открыл шорт без анализа. Цена выросла на 8%",1,"{'price':9800,'volatility':0.090,'fear_greed_index':32}","copy_colleague",0.7,-0.12
2026-12-05 09:10:33,msg_0927,user_AFM,"Потерял 5% за час, в ярости начал увеличивать лот. Каждая сделка убыточная. В итоге потерял 25% за день",1,"{'price':9500,'volatility':0.080,'fear_greed_index':25}","tilt_escalation",1.0,-0.28
2026-12-05 09:55:22,msg_0928,user_AFN,"Мне позвонили из «биткоин-инвестиций», сказали, что мой аккаунт взломан, попросили пароль. Я дал. Украли всё.",1,"{'price':9400,'volatility':0.045,'fear_greed_index':22}","phone_scam",1.0,-1.0
2026-12-05 10:40:44,msg_0929,user_AFO,"Торговал на голодный желудок, концентрация упала, сделал ошибку в объёме. Потерял 8%",1,"{'price':9600,'volatility':0.060,'fear_greed_index':28}","hungry_trade",0.5,-0.09
2026-12-05 11:25:33,msg_0930,user_AFP,"Услышал, что скоро «лун-лун», купил на остатки. «Лун-лун» не наступил, потерял на комиссиях. Глупость.",1,"{'price':9700,'volatility':0.040,'fear_greed_index':30}","moon_moon2",0.6,-0.01
2026-12-05 12:15:55,msg_0931,user_AFQ,"Увидел, как цена пробила уровень вниз, продал. Потом увидел, что пробила вверх, купил. Цена снова вниз. За час 5 разворотов. Потерял 10% на комиссиях.",1,"{'price':9300,'volatility':0.110,'fear_greed_index':18}","whipsaw_chase",0.8,-0.12
2026-12-05 13:05:33,msg_0932,user_AFR,"Решил, что я перерос стоп-лоссы. Убрал их совсем. Рынок упал на 15%, потерял 30% депозита.",1,"{'price':8500,'volatility':0.140,'fear_greed_index':8}","no_stops_ever",1.0,-0.35
2026-12-06 09:10:22,msg_0933,user_AFS,"Держал позицию через выходные, хотя обычно так не делаю. За выходные случилась плохая новость, гэп вниз 10%",1,"{'price':8000,'volatility':0.120,'fear_greed_index':4}","weekend_hold",0.8,-0.18
2026-12-06 09:55:44,msg_0934,user_AFT,"Потерял флешку с ключами от кошелька. Восстановить не могу. Там было 0.5 BTC. Потерял навсегда.",1,"{'price':8200,'volatility':0.030,'fear_greed_index':6}","lost_keys",1.0,-0.50
2026-12-06 10:40:33,msg_0935,user_AFU,"Мне сказали, что завтра токен будет делистинг. Я продал в панике по 0.01$. Делистинга не было, токен вырос до 0.05$",1,"{'price':0.01,'volatility':0.200,'fear_greed_index':45}","delisting_fake",0.8,-0.80
2026-12-06 11:25:22,msg_0936,user_AFV,"Торговал одновременно на трёх биржах, запутался в позициях. В итоге открыл встречные сделки, потерял на спреде.",1,"{'price':8800,'volatility':0.065,'fear_greed_index':12}","confused_arbitrage",0.7,-0.05
2026-12-06 12:15:55,msg_0937,user_AFW,"Услышал, что подруга заработала на форексе, бросил крипту и перешёл на форекс. Потерял 15% за два дня. Не меняй то, что знаешь.",1,"{'price':1.10,'volatility':0.040,'fear_greed_index':25}","forex_switch",0.8,-0.15
2026-12-06 13:05:33,msg_0938,user_AFX,"Поставил ордер на покупку по 10000, но из-за лага сети сработало по 11000. Цена упала до 9000. Проскальзывание убило.",1,"{'price':11000,'volatility':0.130,'fear_greed_index':22}","slippage_disaster",0.6,-0.30
2026-12-07 09:10:44,msg_0939,user_AFY,"Последние две недели я торговал бессистемно, просто нажимая на кнопки. Всё потерял. Сегодня начинаю с нуля – буду следовать плану.",1,"{'price':9000,'volatility':0.050,'fear_greed_index':14}","systemless_quit",1.0,-1.0
2026-12-07 09:55:33,msg_0940,user_AFZ,"Завершаю эту часть. Дисциплина или смерть. Я выбрал дисциплину.",0,"{'price':9100,'volatility':0.022,'fear_greed_index':16}","hold",0.0,0.0